no,question_title,question_slug,question_text,topics,difficulty,boilerplate_cpp,driver_cpp,header_cpp,boilerplate_py,driver_py,testcases,examples,constraints
3,Longest Substring Without Repeating Characters,longest-substring-without-repeating-characters,"<p className=""mt-3"">Given a string <code>s</code>, find the length of the<strong>longest substring</strong> without repeating characters.</p>","Hash Table,String,Sliding Window",Medium,aW50IGxvbmdlc3Rfc3Vic3RyaW5nKHN0cmluZyBzKQ0Kew0KDQp9,DQppbnQgbWFpbigpDQp7DQogICAgdmVjdG9yPHBhaXI8c3RyaW5nLCBpbnQ+PiB0ZXN0X2Nhc2VzID0gew0KICAgICAgICB7ImFiY2FiY2JiIiwgM30sDQogICAgICAgIHsiYmJiYmIiLCAxfSwNCiAgICAgICAgeyJwd3drZXciLCAzfSwNCiAgICAgICAgeyIiLCAwfSwNCiAgICAgICAgeyIgIiwgMX0sDQogICAgICAgIHsiYWFiIiwgMn0sDQogICAgICAgIHsiZHZkZiIsIDN9fTsNCiAgICB2ZWN0b3I8aW50PiBwYXNzZWQ7DQogICAgZm9yIChjb25zdCBhdXRvICZ0YyA6IHRlc3RfY2FzZXMpDQogICAgew0KICAgICAgICBpbnQgcmVzdWx0ID0gbG9uZ2VzdF9zdWJzdHJpbmcodGMuZmlyc3QpOw0KICAgICAgICBwYXNzZWQucHVzaF9iYWNrKHJlc3VsdCA9PSB0Yy5zZWNvbmQgPyAxIDogMCk7DQogICAgfQ0KICAgIGZvciAoaW50IHBhc3MgOiBwYXNzZWQpDQogICAgew0KICAgICAgICBjb3V0IDw8IHBhc3MgPDwgIi0iOw0KICAgIH0NCiAgICByZXR1cm4gMDsNCn0=,I2luY2x1ZGUgPGlvc3RyZWFtPg0KI2luY2x1ZGUgPHN0cmluZz4NCiNpbmNsdWRlIDx1bm9yZGVyZWRfbWFwPg0KI2luY2x1ZGUgPGFsZ29yaXRobT4NCiNpbmNsdWRlIDx2ZWN0b3I+DQp1c2luZyBuYW1lc3BhY2Ugc3RkOw0KDQo=,ZGVmIGxvbmdlc3Rfc3Vic3RyaW5nX2xlbmd0aChzOiBzdHIpIC0+IGludDo=,DQppZiBfX25hbWVfXyA9PSAiX19tYWluX18iOg0KICAgIHRlc3RfY2FzZXMgPSBbDQogICAgICAgICgiYWJjYWJjYmIiLCAzKSwNCiAgICAgICAgKCJiYmJiYiIsIDEpLA0KICAgICAgICAoInB3d2tldyIsIDMpLA0KICAgICAgICAoIiIsIDApLA0KICAgICAgICAoIiAiLCAxKSwNCiAgICAgICAgKCJhYWIiLCAyKSwNCiAgICAgICAgKCJkdmRmIiwgMykNCiAgICBdDQogICAgcGFzc2VkID0gW10NCiAgICBmb3IgcywgZXhwZWN0ZWRfcmVzdWx0IGluIHRlc3RfY2FzZXM6DQogICAgICAgIHJlc3VsdCA9IGxvbmdlc3Rfc3Vic3RyaW5nKHMpDQogICAgICAgIHBhc3NlZC5hcHBlbmQoMSBpZiByZXN1bHQgPT0gZXhwZWN0ZWRfcmVzdWx0IGVsc2UgMCkNCiAgICBwcmludCgiLSIuam9pbihtYXAoc3RyLCBwYXNzZWQpKSk=,Ww0KICAgIHsiaW5wdXQiOiAiYWJjYWJjYmIiLCAib3V0cHV0IjogIjMifSwNCiAgICB7ImlucHV0IjogImJiYmJiIiwgIm91dHB1dCI6ICIxIn0sDQogICAgeyJpbnB1dCI6ICJwd3drZXciLCAib3V0cHV0IjogIjMifSwNCiAgICB7ImlucHV0IjogIiIsICJvdXRwdXQiOiAiMCJ9LA0KICAgIHsiaW5wdXQiOiAiICIsICJvdXRwdXQiOiAiMSJ9LA0KICAgIHsiaW5wdXQiOiAiYWFiIiwgIm91dHB1dCI6ICIyIn0sDQogICAgeyJpbnB1dCI6ICJkdmRmIiwgIm91dHB1dCI6ICIzIn0NCl0=,"<div> <p className=""font-medium text-white"">Example 1:</p> <div className=""example-card""> <pre> <strong className=""text-white"">Input:</strong> s = ""abcabcbb""<br /> <strong>Output:</strong> 3<br /> <strong>Explanation:</strong> The answer is ""abc"", with the length of 3. </pre> </div></div><div> <p className=""font-medium text-white"">Example 2:</p> <div className=""example-card""> <pre> <strong className=""text-white"">Input:</strong> s = ""bbbbb""<br /> <strong>Output:</strong> 1<br /> <strong>Explanation:</strong> The answer is ""b"", with the length of 1. </pre> </div></div><div> <p className=""font-medium text-white"">Example 3:</p> <div className=""example-card""> <pre> <strong className=""text-white"">Input:</strong> s = ""pwwkew""<br /> <strong>Output:</strong> 3<br /> <strong>Explanation:</strong> The answer is ""wke"", with the length of 3. Notice that the answer must be a substring, ""pwke"" is a subsequence and not a substring. </pre> </div></div>","<li className=""mt-2""><code>0 &le; s.length &le; 5 &times; 10<sup>4</sup></code></li><li className=""mt-2""><code>s consists of English letters, digits, symbols and spaces.</code></li>"
8,String to Integer (atoi),string-to-integer-atoi,"<p className=""mt-3"">Implement the <code>myAtoi(string s)</code> function, which converts a string to a 32-bit signed integer (similar to C/C++'s <code>atoi</code> function).</p><p className=""mt-3"">The algorithm for <code>myAtoi(string s)</code> is as follows:</p><ol className=""text-white list-decimal ml-5 mt-3""><li className=""text-white mt-4"">Read in and ignore any leading whitespace.</li><li className=""text-white mt-4"">Check if the next character (if not already at the end of the string) is '-' or '+'. Read this character in if it is either. This determines if the final result is negative or positive respectively. Assume the result is positive if neither is present.</li><li className=""text-white mt-4"">Read in next the characters until the next non-digit character or the end of the input is reached. The rest of the string is ignored.</li><li className=""text-white mt-4"">Convert these digits into an integer (i.e. <code>""123"" = 123, ""0032"" = 32</code> ). If no digits were read, then the integer is 0.</li><li className=""text-white mt-4"">Change the sign as necessary (from step 2).</li><li className=""text-white mt-4"">If the integer is out of the 32-bit signed integer range <code>[-2<sup>31</sup>, 2<sup>31</sup> - 1]</code>, then clamp the integer so that it remains in the range. Specifically, integers less than <code>-2<sup>31</sup></code> should be clamped to <code>-2<sup>31</sup></code>, and integers greater than <code>2<sup>31</sup> - 1</code> should be clamped to <code>2<sup>31</sup> - 1</code>.</li><li className=""text-white mt-4"">Return the integer as the final result.</li></ol><p className=""mt-3""><strong>Note:</strong></p><ul className=""text-white list-disc ml-5 mt-3""><li className=""text-white mt-4"">Only the space character ' ' is considered a whitespace character.</li><li className=""text-white mt-4""><strong>Do not ignore</strong> any characters other than the leading whitespace or the rest of the string after the digits.</li></ul>",String,Medium,DQppbnQgbXlBdG9pKHN0cmluZyBzKQ0Kew0KDQp9DQo=,DQppbnQgbWFpbigpDQp7DQogICAgdmVjdG9yPHBhaXI8c3RyaW5nLCBpbnQ+PiB0ZXN0X2Nhc2VzID0gew0KICAgICAgICB7IjQyIiwgNDJ9LA0KICAgICAgICB7IiAgIC00MiIsIC00Mn0sDQogICAgICAgIHsiNDE5MyB3aXRoIHdvcmRzIiwgNDE5M30sDQogICAgICAgIHsid29yZHMgYW5kIDk4NyIsIDB9LA0KICAgICAgICB7IjkxMjgzNDcyMzMyMiIsIDIxNDc0ODM2NDd9LA0KICAgICAgICB7IiIsIDB9LA0KICAgICAgICB7IiAiLCAwfSwNCiAgICAgICAgeyIrIiwgMH0sDQogICAgICAgIHsiKyIsIDB9LA0KICAgICAgICB7IiAgICAgICs0MiIsIDQyfSwNCiAgICAgICAgeyIgICAgICArNDE5MyB3aXRoIHdvcmRzIiwgNDE5M30sDQogICAgICAgIHsiICAgICAgK3dvcmRzIGFuZCA5ODciLCAwfSwNCiAgICAgICAgeyIgICAgICAtOTEyODM0NzIzMzIiLCAtMjE0NzQ4MzY0OH19Ow0KDQogICAgdmVjdG9yPGludD4gcGFzc2VkOw0KICAgIGZvciAoY29uc3QgYXV0byAmdGMgOiB0ZXN0X2Nhc2VzKQ0KICAgIHsNCiAgICAgICAgaW50IHJlc3VsdCA9IG15QXRvaSh0Yy5maXJzdCk7DQogICAgICAgIHBhc3NlZC5wdXNoX2JhY2socmVzdWx0ID09IHRjLnNlY29uZCA/IDEgOiAwKTsNCiAgICB9DQogICAgZm9yIChpbnQgcGFzcyA6IHBhc3NlZCkNCiAgICB7DQogICAgICAgIGNvdXQgPDwgcGFzcyA8PCAiLSI7DQogICAgfQ0KICAgIHJldHVybiAwOw0KfQ==,I2luY2x1ZGUgPGlvc3RyZWFtPg0KI2luY2x1ZGUgPHN0cmluZz4NCiNpbmNsdWRlIDxjbGltaXRzPg0KI2luY2x1ZGUgPHZlY3Rvcj4NCnVzaW5nIG5hbWVzcGFjZSBzdGQ7DQoNCg==,ZGVmIG15QXRvaShzOiBzdHIpIC0+IGludDo=,DQppZiBfX25hbWVfXyA9PSAiX19tYWluX18iOg0KICAgIHRlc3RfY2FzZXMgPSBbDQogICAgICAgICgiNDIiLCA0MiksDQogICAgICAgICgiICAgLTQyIiwgLTQyKSwNCiAgICAgICAgKCI0MTkzIHdpdGggd29yZHMiLCA0MTkzKSwNCiAgICAgICAgKCJ3b3JkcyBhbmQgOTg3IiwgMCksDQogICAgICAgICgiOTEyODM0NzIzMzIyIiwgMjE0NzQ4MzY0NyksDQogICAgICAgICgiIiwgMCksDQogICAgICAgICgiICIsIDApLA0KICAgICAgICAoIisiLCAwKSwNCiAgICAgICAgKCIrIiwgMCksDQogICAgICAgICgiICAgICAgKzQyIiwgNDIpLA0KICAgICAgICAoIiAgICAgICs0MTkzIHdpdGggd29yZHMiLCA0MTkzKSwNCiAgICAgICAgKCIgICAgICArd29yZHMgYW5kIDk4NyIsIDApLA0KICAgICAgICAoIiAgICAgIC05MTI4MzQ3MjMzMiIsIC0yMTQ3NDgzNjQ4KQ0KICAgIF0NCiAgICBwYXNzZWQgPSBbXQ0KICAgIGZvciBzLCBleHBlY3RlZF9yZXN1bHQgaW4gdGVzdF9jYXNlczoNCiAgICAgICAgcmVzdWx0ID0gbXlBdG9pKHMpDQogICAgICAgIHBhc3NlZC5hcHBlbmQoMSBpZiByZXN1bHQgPT0gZXhwZWN0ZWRfcmVzdWx0IGVsc2UgMCkNCiAgICBwcmludCgiLSIuam9pbihtYXAoc3RyLCBwYXNzZWQpKSkNCg==,Ww0KICAgIHsiaW5wdXQiOiAiNDIiLCAib3V0cHV0IjogIjQyIn0sDQogICAgeyJpbnB1dCI6ICIgICAtNDIiLCAib3V0cHV0IjogIi00MiJ9LA0KICAgIHsiaW5wdXQiOiAiNDE5MyB3aXRoIHdvcmRzIiwgIm91dHB1dCI6ICI0MTkzIn0sDQogICAgeyJpbnB1dCI6ICJ3b3JkcyBhbmQgOTg3IiwgIm91dHB1dCI6ICIwIn0sDQogICAgeyJpbnB1dCI6ICI5MTI4MzQ3MjMzMjIiLCAib3V0cHV0IjogIjIxNDc0ODM2NDcifSwNCiAgICB7ImlucHV0IjogIiIsICJvdXRwdXQiOiAiMCJ9LA0KICAgIHsiaW5wdXQiOiAiICIsICJvdXRwdXQiOiAiMCJ9LA0KICAgIHsiaW5wdXQiOiAiKyIsICJvdXRwdXQiOiAiMCJ9LA0KICAgIHsiaW5wdXQiOiAiKyIsICJvdXRwdXQiOiAiMCJ9LA0KICAgIHsiaW5wdXQiOiAiICAgICAgKzQyIiwgIm91dHB1dCI6ICI0MiJ9LA0KICAgIHsiaW5wdXQiOiAiICAgICAgKzQxOTMgd2l0aCB3b3JkcyIsICJvdXRwdXQiOiAiNDE5MyJ9LA0KICAgIHsiaW5wdXQiOiAiICAgICAgK3dvcmRzIGFuZCA5ODciLCAib3V0cHV0IjogIjAifSwNCiAgICB7ImlucHV0IjogIiAgICAgIC05MTI4MzQ3MjMzMiIsICJvdXRwdXQiOiAiLTIxNDc0ODM2NDgifQ0KXQ==,"<div> <p className=""font-medium text-white"">Example 1:</p> <div className=""example-card""> <pre> <strong className=""text-white"">Input:</strong> s = ""42""<br /> <strong>Output:</strong> 42<br /> <strong>Explanation:</strong> The underlined characters are what is read in, the caret is the current reader position.<br /> Step 1: ""42"" (no characters read because there is no leading whitespace)<br /> ^<br /> Step 2: ""42"" (no characters read because there is neither a '-' nor '+')<br /> ^<br /> Step 3: ""42"" (""42"" is read in)<br /> ^<br /> The parsed integer is 42.<br /> Since 42 is in the range [-2^31, 2^31 - 1], the final result is 42. </pre> </div></div><div> <p className=""font-medium text-white"">Example 2:</p> <div className=""example-card""> <pre> <strong className=""text-white"">Input:</strong> s = "" -42""<br /> <strong>Output:</strong> -42<br /> <strong>Explanation:</strong><br /> Step 1: "" -42"" (leading whitespace is read and ignored)<br /> ^<br /> Step 2: "" -42"" ('-' is read, so the result should be negative)<br /> ^<br /> Step 3: "" -42"" (""42"" is read in)<br /> ^<br /> The parsed integer is -42.<br /> Since -42 is in the range [-2^31, 2^31 - 1], the final result is -42. </pre> </div></div><div> <p className=""font-medium text-white"">Example 3:</p> <div className=""example-card""> <pre> <strong className=""text-white"">Input:</strong> s = ""4193 with words""<br /> <strong>Output:</strong> 4193<br /> <strong>Explanation:</strong><br /> Step 1: ""4193 with words"" (no characters read because there is no leading whitespace)<br /> ^<br /> Step 2: ""4193 with words"" (no characters read because there is neither a '-' nor '+')<br /> ^<br /> Step 3: ""4193 with words"" (""4193"" is read in; reading stops because the next character is a non-digit)<br /> ^<br /> The parsed integer is 4193.<br /> Since 4193 is in the range [-2^31, 2^31 - 1], the final result is 4193. </pre> </div></div>","<li className=""mt-2""><code>0 &le; s.length &le; 200</code></li><li className=""mt-2"">s consists of English letters (lower-case and upper-case), digits (0-9), ' ', '+', '-', and '.'.</li>"
9,Palindrome Number,palindrome-number,"<p className=""mt-3"">Given an integer <code>x</code>, return <code>true</code> if <code>x</code> is a <strong>palindrome integer</strong>. An integer is a palindrome when it reads the same backward as forward.</p>",Math,Easy,Ym9vbCBpc1BhbGluZHJvbWUoaW50IHgpDQp7DQoNCn0=,DQppbnQgbWFpbigpDQp7DQogICAgdmVjdG9yPHBhaXI8aW50LCBib29sPj4gdGVzdF9jYXNlcyA9IHsNCiAgICAgICAgezEyMSwgdHJ1ZX0sDQogICAgICAgIHstMTIxLCBmYWxzZX0sDQogICAgICAgIHsxMCwgZmFsc2V9LA0KICAgICAgICB7LTEwMSwgZmFsc2V9LA0KICAgICAgICB7MCwgdHJ1ZX0sDQogICAgICAgIHsxMjM0NTQzMjEsIHRydWV9LA0KICAgICAgICB7MTIzNDU2NTQzMjEsIHRydWV9LA0KICAgIH07DQoNCiAgICB2ZWN0b3I8aW50PiBwYXNzZWQ7DQogICAgZm9yIChjb25zdCBhdXRvICZ0YyA6IHRlc3RfY2FzZXMpDQogICAgew0KICAgICAgICBib29sIHJlc3VsdCA9IGlzUGFsaW5kcm9tZSh0Yy5maXJzdCk7DQogICAgICAgIHBhc3NlZC5wdXNoX2JhY2socmVzdWx0ID09IHRjLnNlY29uZCA/IDEgOiAwKTsNCiAgICB9DQoNCiAgICBmb3IgKGludCBwYXNzIDogcGFzc2VkKQ0KICAgIHsNCiAgICAgICAgY291dCA8PCBwYXNzIDw8ICItIjsNCiAgICB9DQoNCiAgICByZXR1cm4gMDsNCn0=,I2luY2x1ZGUgPGlvc3RyZWFtPg0KI2luY2x1ZGUgPHN0cmluZz4NCiNpbmNsdWRlIDx2ZWN0b3I+DQp1c2luZyBuYW1lc3BhY2Ugc3RkOw0K,ZGVmIGlzUGFsaW5kcm9tZSh4OiBpbnQpIC0+IGJvb2w6,DQppZiBfX25hbWVfXyA9PSAiX19tYWluX18iOg0KICAgIHRlc3RfY2FzZXMgPSBbDQogICAgICAgICgxMjEsIFRydWUpLA0KICAgICAgICAoLTEyMSwgRmFsc2UpLA0KICAgICAgICAoMTAsIEZhbHNlKSwNCiAgICAgICAgKC0xMDEsIEZhbHNlKSwNCiAgICAgICAgKDAsIFRydWUpLA0KICAgICAgICAoMTIzNDU0MzIxLCBUcnVlKSwNCiAgICAgICAgKDEyMzQ1NjU0MzIxLCBUcnVlKSwNCiAgICBdDQogICAgcGFzc2VkID0gW10NCiAgICBmb3IgeCwgZXhwZWN0ZWRfcmVzdWx0IGluIHRlc3RfY2FzZXM6DQogICAgICAgIHJlc3VsdCA9IGlzUGFsaW5kcm9tZSh4KQ0KICAgICAgICBwYXNzZWQuYXBwZW5kKDEgaWYgcmVzdWx0ID09IGV4cGVjdGVkX3Jlc3VsdCBlbHNlIDApDQogICAgcHJpbnQoIi0iLmpvaW4obWFwKHN0ciwgcGFzc2VkKSkp,Ww0KICAgIHsiaW5wdXQiOiAxMjEsICJvdXRwdXQiOiB0cnVlfSwNCiAgICB7ImlucHV0IjogLTEyMSwgIm91dHB1dCI6IGZhbHNlfSwNCiAgICB7ImlucHV0IjogMTAsICJvdXRwdXQiOiBmYWxzZX0sDQogICAgeyJpbnB1dCI6IC0xMDEsICJvdXRwdXQiOiBmYWxzZX0sDQogICAgeyJpbnB1dCI6IDAsICJvdXRwdXQiOiB0cnVlfSwNCiAgICB7ImlucHV0IjogMTIzNDU0MzIxLCAib3V0cHV0IjogdHJ1ZX0sDQogICAgeyJpbnB1dCI6IDEyMzQ1NjU0MzIxLCAib3V0cHV0IjogdHJ1ZX0NCl0=,"<div> <p className=""font-medium text-white"">Example 1:</p> <div className=""example-card""> <pre> <strong className=""text-white"">Input:</strong> x = 121<br /> <strong>Output:</strong> true<br /> <strong>Explanation:</strong> 121 reads as 121 from left to right and from right to left. </pre> </div></div><div> <p className=""font-medium text-white"">Example 2:</p> <div className=""example-card""> <pre> <strong className=""text-white"">Input:</strong> x = -121<br /> <strong>Output:</strong> false<br /> <strong>Explanation:</strong> From left to right, it reads -121. From right to left, it becomes 121-. Therefore it is not a palindrome. </pre> </div></div><div> <p className=""font-medium text-white"">Example 3:</p> <div className=""example-card""> <pre> <strong className=""text-white"">Input:</strong> x = 10<br /> <strong>Output:</strong> false<br /> <strong>Explanation:</strong> Reads 01 from right to left. Therefore it is not a palindrome. </pre> </div></div>",<li className="mt-2"><code>-2<sup>31</sup> &le; x &le; 2<sup>31</sup> - 1</code></li>
10,Regular Expression Matching,regular-expression-matching,"<p className=""mt-3"">Given an input string <code>s</code> and a pattern <code>p</code>, implement regular expression matching with support for '.' and '*' where:</p><ul className="" list-disc mt-3 ml-5""><li className=""mt-3""><code>'.'</code> Matches any single character.</li><li className=""mt-3""><code>'*'</code> Matches zero or more of the preceding element.</li></ul><p className=""mt-3"">The matching should cover the entire input string (not partial).</p>","String,Dynamic Programming,Recursion",Hard,,,,ZGVmIGlzTWF0Y2goczogc3RyLCBwOiBzdHIpIC0+IGJvb2w6,DQppZiBfX25hbWVfXyA9PSAiX19tYWluX18iOg0KICAgIHRlc3RfY2FzZXMgPSBbDQogICAgICAgICgiYWEiLCAiYSIsIEZhbHNlKSwNCiAgICAgICAgKCJhYSIsICJhKiIsIFRydWUpLA0KICAgICAgICAoImFiIiwgIi4qIiwgVHJ1ZSksDQogICAgICAgICgiYWFiIiwgImMqYSpiIiwgVHJ1ZSksDQogICAgICAgICgibWlzc2lzc2lwcGkiLCAibWlzKmlzKnAqLiIsIEZhbHNlKSwNCiAgICBdDQogICAgcGFzc2VkID0gW10NCiAgICBmb3IgcywgcCwgZXhwZWN0ZWRfcmVzdWx0IGluIHRlc3RfY2FzZXM6DQogICAgICAgIHJlc3VsdCA9IGlzTWF0Y2gocywgcCkNCiAgICAgICAgcGFzc2VkLmFwcGVuZCgxIGlmIHJlc3VsdCA9PSBleHBlY3RlZF9yZXN1bHQgZWxzZSAwKQ0KICAgIHByaW50KCItIi5qb2luKG1hcChzdHIsIHBhc3NlZCkpKQ==,Ww0KICAgIHsiaW5wdXQiOiAicyA9IFwiYWFcIiwgcCA9IFwiYVwiIiwgIm91dHB1dCI6ICJmYWxzZSJ9LA0KICAgIHsiaW5wdXQiOiAicyA9IFwiYWFcIiwgcCA9IFwiYSpcIiIsICJvdXRwdXQiOiAidHJ1ZSJ9LA0KICAgIHsiaW5wdXQiOiAicyA9IFwiYWJcIiwgcCA9IFwiLipcIiIsICJvdXRwdXQiOiAidHJ1ZSJ9LA0KICAgIHsiaW5wdXQiOiAicyA9IFwiYWFiXCIsIHAgPSBcImMqYSpiXCIiLCAib3V0cHV0IjogInRydWUifSwNCiAgICB7ImlucHV0IjogInMgPSBcIm1pc3Npc3NpcHBpXCIsIHAgPSBcIm1pcyppcypwKi5cIiIsICJvdXRwdXQiOiAiZmFsc2UifQ0KXQ==,"<div> <p className=""font-medium text-white"">Example 1:</p> <div className=""example-card""> <pre> <strong className=""text-white"">Input:</strong> s = ""aa"", p = ""a""<br /> <strong>Output:</strong> false<br /> <strong>Explanation:</strong> ""a"" does not match the entire string ""aa"". </pre> </div></div><div> <p className=""font-medium text-white"">Example 2:</p> <div className=""example-card""> <pre> <strong className=""text-white"">Input:</strong> s = ""aa"", p = ""a*""<br /> <strong>Output:</strong> true<br /> <strong>Explanation:</strong> '*' means zero or more of the preceding element, 'a'. Therefore, by repeating 'a' once, it becomes ""aa"". </pre> </div></div><div> <p className=""font-medium text-white"">Example 3:</p> <div className=""example-card""> <pre> <strong className=""text-white"">Input:</strong> s = ""ab"", p = "".*""<br /> <strong>Output:</strong> true<br /> <strong>Explanation:</strong> "".*"" means ""zero or more (*) of any character (.)"". </pre> </div></div>","<li className=""mt-2""><code>1 &le; s.length &le; 20</code></li><li className=""mt-2""><code>1 &le; p.length &le; 20</code></li><li className=""mt-2""><code>s</code> contains only lowercase English letters.</li><li className=""mt-2""><code>p</code> contains only lowercase English letters, '.', and '*'.</li><li className=""mt-2"">It is guaranteed for each appearance of the character '*', there will be a previous valid character to match.</li>"
11,Container With Most Water,container-with-most-water,"<p className=""mt-3"">You are given an integer array <code>height</code> of length <code>n</code>. There are <code>n</code> vertical lines drawn such that the two endpoints of the <code>i</code>th line are <code>(i, 0)</code> and <code>(i, height[i])</code>.</p><p className=""mt-3"">Find two lines that together with the x-axis form a container, such that the container contains the most water.</p><p className=""mt-3"">Return the maximum amount of water a container can store.</p><p className=""mt-3"">Notice that you may not slant the container.</p>","Array,Two Pointers,Greedy",Medium,,,,ZGVmIG1heF9hcmVhKGhlaWdodCk6,DQppZiBfX25hbWVfXyA9PSAiX19tYWluX18iOg0KICAgIHRlc3RfY2FzZXMgPSBbDQogICAgICAgIChbMSwgOCwgNiwgMiwgNSwgNCwgOCwgMywgN10sIDQ5KSwNCiAgICAgICAgKFsxLCAxXSwgMSksDQogICAgICAgIChbNCwgMywgMiwgMSwgNF0sIDE2KSwNCiAgICAgICAgKFsxLCAyLCAxXSwgMiksDQogICAgICAgIChbMSwgMSwgMSwgMV0sIDMpLA0KICAgICAgICAoWzEsIDIsIDMsIDQsIDVdLCA2KSwNCiAgICAgICAgKFs1LCA0LCAzLCAyLCAxXSwgNiksDQogICAgICAgIChbNywgMSwgMiwgMywgOV0sIDI4KSwNCiAgICAgICAgKFszLCA2LCAyLCA1LCA0XSwgMTIpLA0KICAgICAgICAoWzMsIDksIDMsIDksIDNdLCAxOCkNCiAgICBdDQogICAgDQogICAgcGFzc2VkID0gW10NCiAgICBmb3IgaGVpZ2h0LCBleHBlY3RlZF9yZXN1bHQgaW4gdGVzdF9jYXNlczoNCiAgICAgICAgcmVzdWx0ID0gbWF4X2FyZWEoaGVpZ2h0KQ0KICAgICAgICBwYXNzZWQuYXBwZW5kKDEgaWYgcmVzdWx0ID09IGV4cGVjdGVkX3Jlc3VsdCBlbHNlIDApDQoNCiAgICBwcmludCgiLSIuam9pbihtYXAoc3RyLCBwYXNzZWQpKSk=,Ww0KICAgIHsiaW5wdXQiOiAiaGVpZ2h0ID0gJ1sxLCA4LCA2LCAyLCA1LCA0LCA4LCAzLCA3XSciLCAib3V0cHV0IjogIjQ5In0sDQogICAgeyJpbnB1dCI6ICJoZWlnaHQgPSAnWzEsIDFdJyIsICJvdXRwdXQiOiAiMSJ9LA0KICAgIHsiaW5wdXQiOiAiaGVpZ2h0ID0gJ1s0LCAzLCAyLCAxLCA0XSciLCAib3V0cHV0IjogIjE2In0sDQogICAgeyJpbnB1dCI6ICJoZWlnaHQgPSAnWzEsIDIsIDFdJyIsICJvdXRwdXQiOiAiMiJ9LA0KICAgIHsiaW5wdXQiOiAiaGVpZ2h0ID0gJ1sxLCAxLCAxLCAxXSciLCAib3V0cHV0IjogIjMifSwNCiAgICB7ImlucHV0IjogImhlaWdodCA9ICdbMSwgMiwgMywgNCwgNV0nIiwgIm91dHB1dCI6ICI2In0sDQogICAgeyJpbnB1dCI6ICJoZWlnaHQgPSAnWzUsIDQsIDMsIDIsIDFdJyIsICJvdXRwdXQiOiAiNiJ9LA0KICAgIHsiaW5wdXQiOiAiaGVpZ2h0ID0gJ1s3LCAxLCAyLCAzLCA5XSciLCAib3V0cHV0IjogIjI4In0sDQogICAgeyJpbnB1dCI6ICJoZWlnaHQgPSAnWzMsIDYsIDIsIDUsIDRdJyIsICJvdXRwdXQiOiAiMTIifSwNCiAgICB7ImlucHV0IjogImhlaWdodCA9ICdbMywgOSwgMywgOSwgM10nIiwgIm91dHB1dCI6ICIxOCJ9DQpdDQo=,"<div> <p className=""font-medium text-white"">Example 1:</p> <div className=""example-card""> <pre> <strong className=""text-white"">Input:</strong> height = [1,8,6,2,5,4,8,3,7]<br /> <strong>Output:</strong> 49<br /> <strong>Explanation:</strong> The above vertical lines are represented by array [1,8,6,2,5,4,8,3,7]. In this case, the max area of water (blue section) the container can contain is 49. </pre> </div></div><div> <p className=""font-medium text-white"">Example 2:</p> <div className=""example-card""> <pre> <strong className=""text-white"">Input:</strong> height = [1,1]<br /> <strong>Output:</strong> 1 </pre> </div></div>",<li className="mt-2"><code>n == height.length</code></li><li className="mt-2"><code>2 &le; n &le; 10<sup>5</sup></code></li><li className="mt-2"><code>0 &le; height[i] &le; 10<sup>4</sup></code></li>
13,Roman to Integer,roman-to-integer,"<p className=""mt-3"">Roman numerals are represented by seven different symbols: <code>I, V, X, L, C, D and M</code>.</p><p className=""mt-3""></p><table className=""mt-3 border-collapse border border-gray-200""><thead><tr><th className=""border border-gray-200 px-4 py-2"">Symbol</th><th className=""border border-gray-200 px-4 py-2"">Value</th></tr></thead><tbody><tr><td className=""border border-gray-200 px-4 py-2""><code>I</code></td><td className=""border border-gray-200 px-4 py-2""><code>1</code></td></tr><tr><td className=""border border-gray-200 px-4 py-2""><code>V</code></td><td className=""border border-gray-200 px-4 py-2""><code>5</code></td></tr><tr><td className=""border border-gray-200 px-4 py-2""><code>X</code></td><td className=""border border-gray-200 px-4 py-2""><code>10</code></td></tr><tr><td className=""border border-gray-200 px-4 py-2""><code>L</code></td><td className=""border border-gray-200 px-4 py-2""><code>50</code></td></tr><tr><td className=""border border-gray-200 px-4 py-2""><code>C</code></td><td className=""border border-gray-200 px-4 py-2""><code>100</code></td></tr><tr><td className=""border border-gray-200 px-4 py-2""><code>D</code></td><td className=""border border-gray-200 px-4 py-2""><code>500</code></td></tr><tr><td className=""border border-gray-200 px-4 py-2""><code>M</code></td><td className=""border border-gray-200 px-4 py-2""><code>1000</code></td></tr></tbody></table><p className=""mt-3"">For example, <code>2</code> is written as <code>II</code> in Roman numeral, just two ones added together. <code>12</code> is written as <code>XII</code>, which is simply <code>X + II</code>. The number <code>27</code> is written as <code>XXVII</code>, which is <code>XX + V + II</code>.</p><p>Roman numerals are usually written largest to smallest from left to right. However, the numeral for four is not <code>IIII</code>. Instead, the number four is written as <code>IV</code>. Because the one is before the five we subtract it making four. The same principle applies to the number nine, which is written as <code>IX</code>. There are six instances where subtraction is used:</p><ul><li><code>I</code> can be placed before <code>V</code> (5) and <code>X</code> (10) to make 4 and 9.</li><li><code>X</code> can be placed before <code>L</code> (50) and <code>C</code> (100) to make 40 and 90.</li><li><code>C</code> can be placed before <code>D</code> (500) and <code>M</code> (1000) to make 400 and 900.</li></ul><p>Given a roman numeral, convert it to an integer.</p>","Hash Table,Math,String",Easy,,,,ZGVmIHJvbWFuX3RvX2ludChzKTo=,DQppZiBfX25hbWVfXyA9PSAiX19tYWluX18iOg0KICAgIHRlc3RfY2FzZXMgPSBbDQogICAgICAgICgiSUlJIiwgMyksDQogICAgICAgICgiSVYiLCA0KSwNCiAgICAgICAgKCJJWCIsIDkpLA0KICAgICAgICAoIkxWSUlJIiwgNTgpLA0KICAgICAgICAoIk1DTVhDSVYiLCAxOTk0KQ0KICAgIF0NCiAgICBwYXNzZWQgPSBbXQ0KICAgIGZvciBzLCBleHBlY3RlZF9yZXN1bHQgaW4gdGVzdF9jYXNlczoNCiAgICAgICAgcmVzdWx0ID0gcm9tYW5fdG9faW50KHMpDQogICAgICAgIHBhc3NlZC5hcHBlbmQoMSBpZiByZXN1bHQgPT0gZXhwZWN0ZWRfcmVzdWx0IGVsc2UgMCkNCiAgICBwcmludCgiLSIuam9pbihtYXAoc3RyLCBwYXNzZWQpKSk=,Ww0KICAgIHsiaW5wdXQiOiAicyA9IFwiSUlJXCIiLCAib3V0cHV0IjogIjMifSwNCiAgICB7ImlucHV0IjogInMgPSBcIklWXCIiLCAib3V0cHV0IjogIjQifSwNCiAgICB7ImlucHV0IjogInMgPSBcIklYXCIiLCAib3V0cHV0IjogIjkifSwNCiAgICB7ImlucHV0IjogInMgPSBcIkxWSUlJXCIiLCAib3V0cHV0IjogIjU4In0sDQogICAgeyJpbnB1dCI6ICJzID0gXCJNQ01YQ0lWXCIiLCAib3V0cHV0IjogIjE5OTQifQ0KXQ==,"<div> <p className=""font-medium text-white"">Example 1:</p> <div className=""example-card""> <pre> <strong className=""text-white"">Input:</strong> s = ""III""<br /> <strong>Output:</strong> 3<br /> <strong>Explanation:</strong> III = 3. </pre> </div></div><div> <p className=""font-medium text-white"">Example 2:</p> <div className=""example-card""> <pre> <strong className=""text-white"">Input:</strong> s = ""LVIII""<br /> <strong>Output:</strong> 58<br /> <strong>Explanation:</strong> L = 50, V= 5, III = 3. </pre> </div></div><div> <p className=""font-medium text-white"">Example 3:</p> <div className=""example-card""> <pre> <strong className=""text-white"">Input:</strong> s = ""MCMXCIV""<br /> <strong>Output:</strong> 1994<br /> <strong>Explanation:</strong> M = 1000, CM = 900, XC = 90 and IV = 4. </pre> </div></div>","<li className=""mt-2""><code>1 &le; s.length &le; 15</code></li><li className=""mt-2""><code>s</code> contains only the characters ('I', 'V', 'X', 'L', 'C', 'D', 'M').</li><li className=""mt-2"">It is guaranteed that <code>s</code> is a valid roman numeral in the range [1, 3999].</li>"
14,Longest Common Prefix,longest-common-prefix,"<p className=""mt-3"">Write a function to find the longest common prefix string amongst an array of strings.</p><p>If there is no common prefix, return an empty string <code>""""</code> . </p>",String,Easy,,,,ZGVmIGxvbmdlc3RfY29tbW9uX3ByZWZpeChzdHJzKTo=,DQppZiBfX25hbWVfXyA9PSAiX19tYWluX18iOg0KICAgIHRlc3RfY2FzZXMgPSBbDQogICAgICAgIChbImZsb3dlciIsICJmbG93IiwgImZsaWdodCJdLCAiZmwiKSwNCiAgICAgICAgKFsiZG9nIiwgInJhY2VjYXIiLCAiY2FyIl0sICIiKSwNCiAgICAgICAgKFsiYWIiLCAiYWJjIiwgImFiY2QiXSwgImFiIiksDQogICAgICAgIChbImEiLCAiYiIsICJjIl0sICIiKSwNCiAgICAgICAgKFsiYWEiLCAiYSJdLCAiYSIpLA0KICAgICAgICAoWyJhcHBsZSIsICJhcHAiLCAiYXBwbGljYXRpb24iXSwgImFwcCIpLA0KICAgICAgICAoWyJjYXQiLCAiY2F0YXB1bHQiLCAiY2F0YWNvbWIiXSwgImNhdCIpLA0KICAgICAgICAoWyJoZWxsbyIsICJoZWxsIiwgImhlbHAiXSwgImhlbCIpLA0KICAgICAgICAoWyJwcm9ncmFtbWluZyIsICJwcm9ncmFtIiwgInByb2dyZXNzIl0sICJwcm9nciIpLA0KICAgICAgICAoWyJweXRob24iLCAicHl0aG9uaWMiLCAicHkiXSwgInB5IikNCiAgICBdDQogICAgcGFzc2VkID0gW10NCiAgICBmb3Igc3RycywgZXhwZWN0ZWRfcmVzdWx0IGluIHRlc3RfY2FzZXM6DQogICAgICAgIHJlc3VsdCA9IGxvbmdlc3RfY29tbW9uX3ByZWZpeChzdHJzKQ0KICAgICAgICBwYXNzZWQuYXBwZW5kKDEgaWYgcmVzdWx0ID09IGV4cGVjdGVkX3Jlc3VsdCBlbHNlIDApDQogICAgcHJpbnQoIi0iLmpvaW4obWFwKHN0ciwgcGFzc2VkKSkp,Ww0KICAgIHsiaW5wdXQiOiAic3RycyA9IFtcImZsb3dlclwiLCBcImZsb3dcIiwgXCJmbGlnaHRcIl0iLCAib3V0cHV0IjogIlwiZmxcIiJ9LA0KICAgIHsiaW5wdXQiOiAic3RycyA9IFtcImRvZ1wiLCBcInJhY2VjYXJcIiwgXCJjYXJcIl0iLCAib3V0cHV0IjogIlwiXCIifSwNCiAgICB7ImlucHV0IjogInN0cnMgPSBbXCJhYlwiLCBcImFiY1wiLCBcImFiY2RcIl0iLCAib3V0cHV0IjogIlwiYWJcIiJ9LA0KICAgIHsiaW5wdXQiOiAic3RycyA9IFtcImFcIiwgXCJiXCIsIFwiY1wiXSIsICJvdXRwdXQiOiAiXCJcIiJ9LA0KICAgIHsiaW5wdXQiOiAic3RycyA9IFtcImFhXCIsIFwiYVwiXSIsICJvdXRwdXQiOiAiXCJhXCIifSwNCiAgICB7ImlucHV0IjogInN0cnMgPSBbXCJhcHBsZVwiLCBcImFwcFwiLCBcImFwcGxpY2F0aW9uXCJdIiwgIm91dHB1dCI6ICJcImFwcFwiIn0sDQogICAgeyJpbnB1dCI6ICJzdHJzID0gW1wiY2F0XCIsIFwiY2F0YXB1bHRcIiwgXCJjYXRhY29tYlwiXSIsICJvdXRwdXQiOiAiXCJjYXRcIiJ9LA0KICAgIHsiaW5wdXQiOiAic3RycyA9IFtcImhlbGxvXCIsIFwiaGVsbFwiLCBcImhlbHBcIl0iLCAib3V0cHV0IjogIlwiaGVsXCIifSwNCiAgICB7ImlucHV0IjogInN0cnMgPSBbXCJwcm9ncmFtbWluZ1wiLCBcInByb2dyYW1cIiwgXCJwcm9ncmVzc1wiXSIsICJvdXRwdXQiOiAiXCJwcm9nclwiIn0sDQogICAgeyJpbnB1dCI6ICJzdHJzID0gW1wicHl0aG9uXCIsIFwicHl0aG9uaWNcIiwgXCJweVwiXSIsICJvdXRwdXQiOiAiXCJweVwiIn0NCl0=,"<div> <p className=""font-medium text-white"">Example 1:</p> <div className=""example-card""> <pre> <strong className=""text-white"">Input:</strong> strs = [""flower"",""flow"",""flight""]<br /> <strong>Output:</strong> ""fl"" </pre> </div></div><div> <p className=""font-medium text-white"">Example 2:</p> <div className=""example-card""> <pre> <strong className=""text-white"">Input:</strong> strs = [""dog"",""racecar"",""car""]<br /> <strong>Output:</strong> """"<br /> <strong>Explanation:</strong> There is no common prefix among the input strings. </pre> </div></div>",<li className="mt-2"><code>1 &le; strs.length &le; 200</code></li><li className="mt-2"><code>0 &le; strs[i].length &le; 200</code></li><li className="mt-2"><code>strs[i]</code> consists of only lowercase English letters.</li>
15,3Sum,3sum,"<p className=""mt-3"">Given an integer array nums, return all the triplets <code>[nums[i], nums[j], nums[k]]</code> such that <code>i != j</code>, <code>i != k</code>, and <code>j != k</code>, and <code>nums[i] + nums[j] + nums[k] == 0</code>.</p><p>Notice that the solution set must not contain duplicate triplets.</p>","Array,Two Pointers,Sorting",Medium,,,,ZGVmIHRocmVlX3N1bShudW1zKTo=,DQppZiBfX25hbWVfXyA9PSAiX19tYWluX18iOg0KICAgIHRlc3RfY2FzZXMgPSBbDQogICAgICAgIChbLTEsIDAsIDEsIDIsIC0xLCAtNF0sIFtbLTEsIC0xLCAyXSwgWy0xLCAwLCAxXV0pLA0KICAgICAgICAoWzAsIDAsIDBdLCBbWzAsIDAsIDBdXSksDQogICAgICAgIChbLTEsIDAsIDEsIDBdLCBbWy0xLCAwLCAxXV0pLA0KICAgICAgICAoWzEsIDIsIDNdLCBbXSksDQogICAgICAgIChbLTEsIDAsIDEsIDIsIC0xLCAtNCwgLTIsIC0zLCAzLCAwLCA0XSwgW1stNCwgMCwgNF0sIFstNCwgMSwgM10sIFstMywgLTEsIDRdLCBbLTMsIDAsIDNdLCBbLTMsIDEsIDJdLCBbLTIsIC0xLCAzXSwgWy0yLCAwLCAyXSwgWy0xLCAtMSwgMl0sIFstMSwgMCwgMV1dKSwNCiAgICAgICAgKFstMiwwLDEsMSwyXSwgW1stMiwgMCwgMl0sIFstMiwgMSwgMV1dKQ0KICAgIF0NCiAgICBwYXNzZWQgPSBbXQ0KICAgIGZvciBudW1zLCBleHBlY3RlZF9yZXN1bHQgaW4gdGVzdF9jYXNlczoNCiAgICAgICAgcmVzdWx0ID0gdGhyZWVfc3VtKG51bXMpDQogICAgICAgIHJlc3VsdC5zb3J0KCkNCiAgICAgICAgZXhwZWN0ZWRfcmVzdWx0LnNvcnQoKQ0KICAgICAgICBwYXNzZWQuYXBwZW5kKDEgaWYgcmVzdWx0ID09IGV4cGVjdGVkX3Jlc3VsdCBlbHNlIDApDQogICAgcHJpbnQoIi0iLmpvaW4obWFwKHN0ciwgcGFzc2VkKSkp,Ww0KICAgIHsiaW5wdXQiOiAibnVtcyA9IFstMSwgMCwgMSwgMiwgLTEsIC00XSIsICJvdXRwdXQiOiAiW1stMSwgLTEsIDJdLCBbLTEsIDAsIDFdXSJ9LA0KICAgIHsiaW5wdXQiOiAibnVtcyA9IFswLCAwLCAwXSIsICJvdXRwdXQiOiAiW1swLCAwLCAwXV0ifSwNCiAgICB7ImlucHV0IjogIm51bXMgPSBbLTEsIDAsIDEsIDBdIiwgIm91dHB1dCI6ICJbWy0xLCAwLCAxXV0ifSwNCiAgICB7ImlucHV0IjogIm51bXMgPSBbMSwgMiwgM10iLCAib3V0cHV0IjogIltdIn0sDQogICAgeyJpbnB1dCI6ICJudW1zID0gWy0xLCAwLCAxLCAyLCAtMSwgLTQsIC0yLCAtMywgMywgMCwgNF0iLCAib3V0cHV0IjogIltbLTQsIDAsIDRdLCBbLTQsIDEsIDNdLCBbLTMsIC0xLCA0XSwgWy0zLCAwLCAzXSwgWy0zLCAxLCAyXSwgWy0yLCAtMSwgM10sIFstMiwgMCwgMl0sIFstMSwgLTEsIDJdLCBbLTEsIDAsIDFdXSJ9LA0KICAgIHsiaW5wdXQiOiAibnVtcyA9IFstMiwgMCwgMSwgMSwgMl0iLCAib3V0cHV0IjogIltbLTIsIDAsIDJdLCBbLTIsIDEsIDFdXSJ9DQpd,"<div> <p className=""font-medium text-white"">Example 1:</p> <div className=""example-card""> <pre> <strong className=""text-white"">Input:</strong> nums = [-1,0,1,2,-1,-4]<br /> <strong>Output:</strong> [[-1,-1,2],[-1,0,1]]<br /> <strong>Explanation:</strong> <br /> nums[0] + nums[1] + nums[2] = (-1) + 0 + 1 = 0.<br /> nums[1] + nums[2] + nums[4] = 0 + 1 + (-1) = 0.<br /> nums[0] + nums[3] + nums[4] = (-1) + 2 + (-1) = 0.<br /> The distinct triplets are [-1,0,1] and [-1,-1,2].<br /> Notice that the order of the output and the order of the triplets does not matter. </pre> </div></div><div> <p className=""font-medium text-white"">Example 2:</p> <div className=""example-card""> <pre> <strong className=""text-white"">Input:</strong> nums = [0,1,1]<br /> <strong>Output:</strong> []<br /> <strong>Explanation:</strong> The only possible triplet does not sum up to 0. </pre> </div></div><div> <p className=""font-medium text-white"">Example 3:</p> <div className=""example-card""> <pre> <strong className=""text-white"">Input:</strong> nums = [0,0,0]<br /> <strong>Output:</strong> [[0,0,0]]<br /> <strong>Explanation:</strong> The only possible triplet sums up to 0. </pre> </div></div>",<li className="mt-2"><code>3 &le; nums.length &le; 3000</code></li><li className="mt-2"><code>-10<sup>5</sup> &le; nums[i] &le; 10<sup>5</sup></code></li>
16,3Sum Closest,3sum-closest,"<p className=""mt-3"">Given an integer array <code>nums</code> of length <code>n</code> and an integer <code>target</code>, find three integers in <code>nums</code> such that the sum is closest to <code>target</code>.</p><p>Return the sum of the three integers.</p><p>You may assume that each input would have exactly one solution.</p>","Array,Two Pointers,Sorting",Medium,,,,ZGVmIHRocmVlX3N1bV9jbG9zZXN0KG51bXMsIHRhcmdldCk6,DQppZiBfX25hbWVfXyA9PSAiX19tYWluX18iOg0KICAgIHRlc3RfY2FzZXMgPSBbDQogICAgICAgIChbLTEsIDIsIDEsIC00XSwgMSwgMiksDQogICAgICAgIChbMCwgMCwgMF0sIDEsIDApLA0KICAgICAgICAoWzEsIDEsIDEsIDBdLCAtMTAwLCAyKSwNCiAgICAgICAgKFsxLCAyLCA0LCA4LCAxNiwgMzJdLCA4MiwgNTYpLA0KICAgICAgICAoWy0xLCAyLCAxLCAtNF0sIDIsIDIpLA0KICAgICAgICAoWy0xLCAyLCAxLCAtNF0sIDAsIC0xKSwNCiAgICAgICAgKFsxLCAyLCAzLCA0XSwgNSwgNiksDQogICAgICAgIChbMSwgMiwgLTUsIC00XSwgMywgLTEpLA0KICAgICAgICAoWzEwLCAtMjAsIDMwLCAtNDBdLCAtMjAsIC0zMCksDQogICAgICAgIChbMSwgMSwgMV0sIDEwMCwgMykNCiAgICBdDQogICAgcGFzc2VkID0gW10NCiAgICBmb3IgbnVtcywgdGFyZ2V0LCBleHBlY3RlZF9yZXN1bHQgaW4gdGVzdF9jYXNlczoNCiAgICAgICAgcmVzdWx0ID0gdGhyZWVfc3VtX2Nsb3Nlc3QobnVtcywgdGFyZ2V0KQ0KICAgICAgICBwYXNzZWQuYXBwZW5kKDEgaWYgcmVzdWx0ID09IGV4cGVjdGVkX3Jlc3VsdCBlbHNlIDApDQogICAgcHJpbnQoIi0iLmpvaW4obWFwKHN0ciwgcGFzc2VkKSkp,Ww0KICAgIHsiaW5wdXQiOiAibnVtcyA9IFstMSwgMiwgMSwgLTRdLCB0YXJnZXQgPSAxIiwgIm91dHB1dCI6ICIyIn0sDQogICAgeyJpbnB1dCI6ICJudW1zID0gWzAsIDAsIDBdLCB0YXJnZXQgPSAxIiwgIm91dHB1dCI6ICIwIn0sDQogICAgeyJpbnB1dCI6ICJudW1zID0gWzEsIDEsIDEsIDBdLCB0YXJnZXQgPSAtMTAwIiwgIm91dHB1dCI6ICIyIn0sDQogICAgeyJpbnB1dCI6ICJudW1zID0gWzEsIDIsIDQsIDgsIDE2LCAzMl0sIHRhcmdldCA9IDgyIiwgIm91dHB1dCI6ICI1NiJ9LA0KICAgIHsiaW5wdXQiOiAibnVtcyA9IFstMSwgMiwgMSwgLTRdLCB0YXJnZXQgPSAyIiwgIm91dHB1dCI6ICIyIn0sDQogICAgeyJpbnB1dCI6ICJudW1zID0gWy0xLCAyLCAxLCAtNF0sIHRhcmdldCA9IDAiLCAib3V0cHV0IjogIi0xIn0sDQogICAgeyJpbnB1dCI6ICJudW1zID0gWzEsIDIsIDMsIDRdLCB0YXJnZXQgPSA1IiwgIm91dHB1dCI6ICI2In0sDQogICAgeyJpbnB1dCI6ICJudW1zID0gWzEsIDIsIC01LCAtNF0sIHRhcmdldCA9IDMiLCAib3V0cHV0IjogIi0xIn0sDQogICAgeyJpbnB1dCI6ICJudW1zID0gWzEwLCAtMjAsIDMwLCAtNDBdLCB0YXJnZXQgPSAtMjAiLCAib3V0cHV0IjogIi0zMCJ9LA0KICAgIHsiaW5wdXQiOiAibnVtcyA9IFsxLCAxLCAxXSwgdGFyZ2V0ID0gMTAwIiwgIm91dHB1dCI6ICIzIn0NCl0=,"<div> <p className=""font-medium text-white"">Example 1:</p> <div className=""example-card""> <pre> <strong className=""text-white"">Input:</strong> nums = [-1,2,1,-4], target = 1<br /> <strong>Output:</strong> 2<br /> <strong>Explanation:</strong> The sum that is closest to the target is 2. (-1 + 2 + 1 = 2). </pre> </div></div><div> <p className=""font-medium text-white"">Example 2:</p> <div className=""example-card""> <pre> <strong className=""text-white"">Input:</strong> nums = [0,0,0], target = 1<br /> <strong>Output:</strong> 0<br /> <strong>Explanation:</strong> The sum that is closest to the target is 0. (0 + 0 + 0 = 0). </pre> </div></div>",<li className="mt-2"><code>3 &le; nums.length &le; 500</code></li><li className="mt-2"><code>-1000 &le; nums[i] &le; 1000</code></li><li className="mt-2"><code>-10<sup>4</sup> &le; target &le; 10<sup>4</sup></code></li>
18,4Sum,4sum,"<p className=""mt-3"">Given an array <code>nums</code> of <code>n</code> integers, return an array of all the unique quadruplets <code>[nums[a], nums[b], nums[c], nums[d]]</code> such that:</p><ul><li><code>0 <= a, b, c, d < n</code></li><li><code>a, b, c, and d</code> are distinct.</li><li><code>nums[a] + nums[b] + nums[c] + nums[d] == target</code></li></ul><p>You may return the answer in any order.</p>","Array,Two Pointers,Sorting",Medium,,,,ZGVmIGZvdXJfc3VtKG51bXMsIHRhcmdldCk6,DQppZiBfX25hbWVfXyA9PSAiX19tYWluX18iOg0KICAgIHRlc3RfY2FzZXMgPSBbDQogICAgICAgIChbLTEsIDAsIDEsIDIsIC0xLCAtNF0sIC0xLCBbKC00LCAwLCAxLCAyKSwgKC0xLCAtMSwgMCwgMSldKSwNCiAgICAgICAgKFsyLCAyLCAyLCAyLCAyXSwgOCwgWygyLCAyLCAyLCAyKV0pLA0KICAgICAgICAoWzEsIDAsIC0xLCAwLCAtMiwgMl0sIDAsIFsoLTIsIC0xLCAxLCAyKSwgKC0yLCAwLCAwLCAyKSwgKC0xLCAwLCAwLCAxKV0pLA0KICAgICAgICAoWzAsIDAsIDAsIDBdLCAwLCBbKDAsIDAsIDAsIDApXSksDQogICAgICAgIChbMSwgMiwgMywgNCwgNV0sIDEwLCBbKDEsIDIsIDMsIDQpXSksDQogICAgICAgIChbLTIsIC0xLCAtMSwgMSwgMSwgMiwgMl0sIDAsIFsoLTEsLTEsMSwxKSwoLTIsLTEsMSwyKV0pLA0KICAgICAgICAoWzEsIDEsIDEsIDFdLCA0LCBbKDEsIDEsIDEsIDEpXSkNCiAgICBdDQogICAgcGFzc2VkID0gW10NCiAgICBmb3IgbnVtcywgdGFyZ2V0LCBleHBlY3RlZF9yZXN1bHQgaW4gdGVzdF9jYXNlczoNCiAgICAgICAgcmVzdWx0ID0gZm91cl9zdW0obnVtcywgdGFyZ2V0KQ0KICAgICAgICByZXN1bHQuc29ydCgpDQogICAgICAgIGV4cGVjdGVkX3Jlc3VsdC5zb3J0KCkNCiAgICAgICAgcGFzc2VkLmFwcGVuZCgxIGlmIHJlc3VsdCA9PSBleHBlY3RlZF9yZXN1bHQgZWxzZSAwKQ0KICAgIHByaW50KCItIi5qb2luKG1hcChzdHIsIHBhc3NlZCkpKQ0K,Ww0KICAgIHsiaW5wdXQiOiAibnVtcyA9IFstMSwgMCwgMSwgMiwgLTEsIC00XSwgdGFyZ2V0ID0gLTEiLCAib3V0cHV0IjogIlsoLTQsIDAsIDEsIDIpLCAoLTEsIC0xLCAwLCAxKV0ifSwNCiAgICB7ImlucHV0IjogIm51bXMgPSBbMiwgMiwgMiwgMiwgMl0sIHRhcmdldCA9IDgiLCAib3V0cHV0IjogIlsoMiwgMiwgMiwgMildIn0sDQogICAgeyJpbnB1dCI6ICJudW1zID0gWzEsIDAsIC0xLCAwLCAtMiwgMl0sIHRhcmdldCA9IDAiLCAib3V0cHV0IjogIlsoLTIsIC0xLCAxLCAyKSwgKC0yLCAwLCAwLCAyKSwgKC0xLCAwLCAwLCAxKV0ifSwNCiAgICB7ImlucHV0IjogIm51bXMgPSBbMCwgMCwgMCwgMF0sIHRhcmdldCA9IDAiLCAib3V0cHV0IjogIlsoMCwgMCwgMCwgMCldIn0sDQogICAgeyJpbnB1dCI6ICJudW1zID0gWzEsIDIsIDMsIDQsIDVdLCB0YXJnZXQgPSAxMCIsICJvdXRwdXQiOiAiWygxLCAyLCAzLCA0KV0ifSwNCiAgICB7ImlucHV0IjogIm51bXMgPSBbLTIsIC0xLCAtMSwgMSwgMSwgMiwgMl0sIHRhcmdldCA9IDAiLCAib3V0cHV0IjogIlsoLTIsIC0xLCAxLCAyKSwgKC0xLCAtMSwgMSwgMSldIn0sDQogICAgeyJpbnB1dCI6ICJudW1zID0gWzEsIDEsIDEsIDFdLCB0YXJnZXQgPSA0IiwgIm91dHB1dCI6ICJbKDEsIDEsIDEsIDEpXSJ9DQpd,"<div> <p className=""font-medium text-white"">Example 1:</p> <div className=""example-card""> <pre> <strong className=""text-white"">Input:</strong> nums = [1,0,-1,0,-2,2], target = 0<br /> <strong>Output:</strong> [[-2,-1,1,2],[-2,0,0,2],[-1,0,0,1]] </pre> </div></div><div> <p className=""font-medium text-white"">Example 2:</p> <div className=""example-card""> <pre> <strong className=""text-white"">Input:</strong> nums = [2,2,2,2,2], target = 8<br /> <strong>Output:</strong> [[2,2,2,2]] </pre> </div></div>",<li className="mt-2"><code>1 &le; nums.length &le; 200</code></li><li className="mt-2"><code>-10<sup>9</sup> &le; nums[i] &le; 10<sup>9</sup></code></li><li className="mt-2"><code>-10<sup>9</sup> &le; target &le; 10<sup>9</sup></code></li>
20,Valid Parentheses,valid-parentheses,"<p className=""mt-3"">Given a string <code>s</code> containing just the characters <code>'('</code> , <code>')'</code> , <code> '{'</code> , <code>'}'</code> , <code>'['</code> and <code>']'</code>, determine if the input string is valid.</p><p>An input string is valid if:</p><ol><li>Open brackets must be closed by the same type of brackets.</li><li>Open brackets must be closed in the correct order.</li> <li>Every close bracket has a corresponding open bracket of the same type.</li></ol>","String,Stack",Easy,,,,ZGVmIGlzX3ZhbGlkKHMpOg==,DQppZiBfX25hbWVfXyA9PSAiX19tYWluX18iOg0KICAgIHRlc3RfY2FzZXMgPSBbDQogICAgICAgICgiKCkiLCBUcnVlKSwNCiAgICAgICAgKCIoKVtde30iLCBUcnVlKSwNCiAgICAgICAgKCIoXSIsIEZhbHNlKSwNCiAgICAgICAgKCIoWyldIiwgRmFsc2UpLA0KICAgICAgICAoIntbXX0iLCBUcnVlKSwNCiAgICAgICAgKCJbIiwgRmFsc2UpLA0KICAgICAgICAoIl0iLCBGYWxzZSksDQogICAgICAgICgiIiwgVHJ1ZSksDQogICAgICAgICgiKCgoKSkpIiwgVHJ1ZSksDQogICAgICAgICgiKHtbXX0pIiwgVHJ1ZSkNCiAgICBdDQogICAgDQogICAgcGFzc2VkID0gW10NCiAgICBmb3IgcywgZXhwZWN0ZWRfcmVzdWx0IGluIHRlc3RfY2FzZXM6DQogICAgICAgIHJlc3VsdCA9IGlzX3ZhbGlkKHMpDQogICAgICAgIHBhc3NlZC5hcHBlbmQoMSBpZiByZXN1bHQgPT0gZXhwZWN0ZWRfcmVzdWx0IGVsc2UgMCkNCg0KICAgIHByaW50KCItIi5qb2luKG1hcChzdHIsIHBhc3NlZCkpKQ==,Ww0KICAgIHsiaW5wdXQiOiAicyA9IFwiKClcIiIsICJvdXRwdXQiOiAidHJ1ZSJ9LA0KICAgIHsiaW5wdXQiOiAicyA9IFwiKClbXXt9XCIiLCAib3V0cHV0IjogInRydWUifSwNCiAgICB7ImlucHV0IjogInMgPSBcIihdXCIiLCAib3V0cHV0IjogImZhbHNlIn0sDQogICAgeyJpbnB1dCI6ICJzID0gXCIoWyldXCIiLCAib3V0cHV0IjogImZhbHNlIn0sDQogICAgeyJpbnB1dCI6ICJzID0gXCJ7W119XCIiLCAib3V0cHV0IjogInRydWUifSwNCiAgICB7ImlucHV0IjogInMgPSBcIltcIiIsICJvdXRwdXQiOiAiZmFsc2UifSwNCiAgICB7ImlucHV0IjogInMgPSBcIl1cIiIsICJvdXRwdXQiOiAiZmFsc2UifSwNCiAgICB7ImlucHV0IjogInMgPSBcIlwiIiwgIm91dHB1dCI6ICJ0cnVlIn0sDQogICAgeyJpbnB1dCI6ICJzID0gXCIoKCgpKSlcIiIsICJvdXRwdXQiOiAidHJ1ZSJ9LA0KICAgIHsiaW5wdXQiOiAicyA9IFwiKHtbXX0pXCIiLCAib3V0cHV0IjogInRydWUifQ0KXQ==,<div> <p className="font-medium text-white">Example 1:</p> <div className="example-card"> <pre> <strong className="text-white">Input:</strong> s = "()"<br /> <strong>Output:</strong> true </pre> </div></div><div> <p className="font-medium text-white">Example 2:</p> <div className="example-card"> <pre> <strong className="text-white">Input:</strong> s = "()[]{}"<br /> <strong>Output:</strong> true </pre> </div></div><div> <p className="font-medium text-white">Example 3:</p> <div className="example-card"> <pre> <strong className="text-white">Input:</strong> s = "(]"<br /> <strong>Output:</strong> false </pre> </div></div>,<li className="mt-2"><code>1 &le; s.length &le; 10<sup>4</sup></code></li><li className="mt-2"><code>s</code> consists of parentheses only '()[]{}'.</li>
22,Generate Parentheses,generate-parentheses,"<p className=""mt-3"">Given <code>n</code> pairs of parentheses, <em> write a function to generate all combinations of well-formed parentheses.</em></p>","String,Dynamic Programming,Backtracking",Medium,,,,ZGVmIGdlbmVyYXRlX3BhcmVudGhlc2VzKG4pOg==,DQppZiBfX25hbWVfXyA9PSAiX19tYWluX18iOg0KICAgIHRlc3RfY2FzZXMgPSBbDQogICAgICAgICgzLCBbIigoKCkpKSIsICIoKCkoKSkiLCAiKCgpKSgpIiwgIigpKCgpKSIsICIoKSgpKCkiXSksDQogICAgICAgICgxLCBbIigpIl0pLA0KICAgICAgICAoMiwgWyIoKCkpIiwgIigpKCkiXSksDQogICAgICAgICgwLCBbIiJdKSwNCiAgICAgICAgKDQsIFsiKCgoKCkpKSkiLCIoKCgpKCkpKSIsIigoKCkpKCkpIiwiKCgoKSkpKCkiLCIoKCkoKCkpKSIsIigoKSgpKCkpIiwiKCgpKCkpKCkiLCIoKCkpKCgpKSIsIigoKSkoKSgpIiwiKCkoKCgpKSkiLCIoKSgoKSgpKSIsIigpKCgpKSgpIiwiKCkoKSgoKSkiLCIoKSgpKCkoKSJdKQ0KICAgIF0gDQogICAgcGFzc2VkID0gW10NCiAgICBmb3IgbiwgZXhwZWN0ZWRfcmVzdWx0IGluIHRlc3RfY2FzZXM6DQogICAgICAgIHJlc3VsdCA9IGdlbmVyYXRlX3BhcmVudGhlc2VzKG4pDQogICAgICAgIHJlc3VsdC5zb3J0KCkNCiAgICAgICAgZXhwZWN0ZWRfcmVzdWx0LnNvcnQoKQ0KICAgICAgICBwYXNzZWQuYXBwZW5kKDEgaWYgcmVzdWx0ID09IGV4cGVjdGVkX3Jlc3VsdCBlbHNlIDApDQogICAgcHJpbnQoIi0iLmpvaW4obWFwKHN0ciwgcGFzc2VkKSkp,Ww0KICAgIHsiaW5wdXQiOiAibiA9IDMiLCAib3V0cHV0IjogIltcIigoKCkpKVwiLCBcIigoKSgpKVwiLCBcIigoKSkoKVwiLCBcIigpKCgpKVwiLCBcIigpKCkoKVwiXSJ9LA0KICAgIHsiaW5wdXQiOiAibiA9IDEiLCAib3V0cHV0IjogIltcIigpXCJdIn0sDQogICAgeyJpbnB1dCI6ICJuID0gMiIsICJvdXRwdXQiOiAiW1wiKCgpKVwiLCBcIigpKClcIl0ifSwNCiAgICB7ImlucHV0IjogIm4gPSAwIiwgIm91dHB1dCI6ICJbXCJcIl0ifSwNCiAgICB7ImlucHV0IjogIm4gPSA0IiwgIm91dHB1dCI6ICJbXCIoKCgoKSkpKVwiLFwiKCgoKSgpKSlcIixcIigoKCkpKCkpXCIsXCIoKCgpKSkoKVwiLFwiKCgpKCgpKSlcIixcIigoKSgpKCkpXCIsXCIoKCkoKSkoKVwiLFwiKCgpKSgoKSlcIixcIigoKSkoKSgpXCIsXCIoKSgoKCkpKVwiLFwiKCkoKCkoKSlcIixcIigpKCgpKSgpXCIsXCIoKSgpKCgpKVwiLFwiKCkoKSgpKClcIl0ifQ0KXQ==,"<div> <p className=""font-medium text-white"">Example 1:</p> <div className=""example-card""> <pre> <strong className=""text-white"">Input:</strong> n = 3<br /> <strong>Output:</strong> [""((()))"",""(()())"",""(())()"",""()(())"",""()()()""] </pre> </div></div><div> <p className=""font-medium text-white"">Example 2:</p> <div className=""example-card""> <pre> <strong className=""text-white"">Input:</strong> n = 1<br /> <strong>Output:</strong> [""()""] </pre> </div></div>",<li className="mt-2"><code>1 &le; n &le; 8</code></li>
29,Divide Two Integers,divide-two-integers,"<p className=""mt-3"">Given two integers <code>dividend</code> and <code>divisor</code>, divide two integers <strong>without</strong> using multiplication, division, and mod operator.</p><p>The integer division should truncate toward zero, which means losing its fractional part. For example, <code>8.345</code> would be truncated to <code>8</code>, and <code>-2.7335</code> would be truncated to <code>-2</code>.</p><p>Return <em> the <strong>quotient</strong> after dividing </em><code>dividend</code><em> by</em> <code>divisor</code>.</p><p><strong>Note:</strong> Assume we are dealing with an environment that could only store integers within the <strong>32-bit</strong> signed integer range: [<code>??<sup>31</sup></code>, <code>2<sup>31</sup> ??1</code>]. For this problem, if the quotient is <strong>strictly greater than</strong> <code>2<sup>31</sup> ??1</code>, then return <code>2<sup>31</sup> ??1</code>, and if the quotient is <strong>strictly less than</strong> <code>??<sup>31</sup></code>, then return <code>??<sup>31</sup></code>.</p>","Math,Bit Manipulation",Medium,,,,ZGVmIGRpdmlkZShkaXZpZGVuZCwgZGl2aXNvcik6,DQppZiBfX25hbWVfXyA9PSAiX19tYWluX18iOg0KICAgIHRlc3RfY2FzZXMgPSBbDQogICAgICAgICgxMCwgMywgMyksDQogICAgICAgICg3LCAtMywgLTIpLA0KICAgICAgICAoMCwgMSwgMCksDQogICAgICAgICgxLCAxLCAxKSwNCiAgICAgICAgKC0xLCAxLCAtMSksDQogICAgICAgICgtMjE0NzQ4MzY0OCwgLTEsIDIxNDc0ODM2NDcpLA0KICAgICAgICAoMjE0NzQ4MzY0NywgMSwgMjE0NzQ4MzY0NyksDQogICAgICAgICgtMjE0NzQ4MzY0OCwgMiwgLTEwNzM3NDE4MjQpDQogICAgXQ0KICAgIHBhc3NlZCA9IFtdDQogICAgZm9yIGRpdmlkZW5kLCBkaXZpc29yLCBleHBlY3RlZF9yZXN1bHQgaW4gdGVzdF9jYXNlczoNCiAgICAgICAgcmVzdWx0ID0gZGl2aWRlKGRpdmlkZW5kLCBkaXZpc29yKQ0KICAgICAgICBwYXNzZWQuYXBwZW5kKDEgaWYgcmVzdWx0ID09IGV4cGVjdGVkX3Jlc3VsdCBlbHNlIDApDQogICAgcHJpbnQoIi0iLmpvaW4obWFwKHN0ciwgcGFzc2VkKSkp,Ww0KICAgIHsiaW5wdXQiOiAiZGl2aWRlbmQgPSAxMCwgZGl2aXNvciA9IDMiLCAib3V0cHV0IjogIjMifSwNCiAgICB7ImlucHV0IjogImRpdmlkZW5kID0gNywgZGl2aXNvciA9IC0zIiwgIm91dHB1dCI6ICItMiJ9LA0KICAgIHsiaW5wdXQiOiAiZGl2aWRlbmQgPSAwLCBkaXZpc29yID0gMSIsICJvdXRwdXQiOiAiMCJ9LA0KICAgIHsiaW5wdXQiOiAiZGl2aWRlbmQgPSAxLCBkaXZpc29yID0gMSIsICJvdXRwdXQiOiAiMSJ9LA0KICAgIHsiaW5wdXQiOiAiZGl2aWRlbmQgPSAtMSwgZGl2aXNvciA9IDEiLCAib3V0cHV0IjogIi0xIn0sDQogICAgeyJpbnB1dCI6ICJkaXZpZGVuZCA9IC0yMTQ3NDgzNjQ4LCBkaXZpc29yID0gLTEiLCAib3V0cHV0IjogIjIxNDc0ODM2NDcifSwNCiAgICB7ImlucHV0IjogImRpdmlkZW5kID0gMjE0NzQ4MzY0NywgZGl2aXNvciA9IDEiLCAib3V0cHV0IjogIjIxNDc0ODM2NDcifSwNCiAgICB7ImlucHV0IjogImRpdmlkZW5kID0gLTIxNDc0ODM2NDgsIGRpdmlzb3IgPSAyIiwgIm91dHB1dCI6ICItMTA3Mzc0MTgyNCJ9DQpd,"<div> <p className=""font-medium text-white"">Example 1:</p> <div className=""example-card""> <pre> <strong className=""text-white"">Input:</strong> dividend = 10, divisor = 3<br /> <strong>Output:</strong> 3<br /> <strong>Explanation:</strong> 10/3 = 3.33333.. which is truncated to 3. </pre> </div></div><div> <p className=""font-medium text-white"">Example 2:</p> <div className=""example-card""> <pre> <strong className=""text-white"">Input:</strong> dividend = 7, divisor = -3<br /> <strong>Output:</strong> -2<br /> <strong>Explanation:</strong> 7/-3 = -2.33333.. which is truncated to -2. </pre> </div></div>","<li className=""mt-2""><code>-2<sup>31</sup> &le; dividend, divisor &le; 2<sup>31</sup> - 1</code></li><li className=""mt-2""><code>divisor</code> &ne; 0</li>"
30,Substring with Concatenation of All Words,substring-with-concatenation-of-all-words,"<p className=""mt-3"">You are given a string <code>s</code> and an array of strings <code>words</code>. All the strings of <code>words</code> are of <strong>the same length</strong>.</p><p>A <strong>concatenated substring</strong> in <code>s</code> is a substring that contains all the strings of any permutation of <code>words</code> concatenated.</p><ul> <li><p>For example, if <code>words = [""ab"",""cd"",""ef""]</code>, then ""<code>abcdef</code>"", ""<code>abefcd</code>"", ""<code>cdabef</code>"", ""<code>cdefab</code>"", ""<code>efabcd</code>"", and ""<code>efcdab</code>"" are all concatenated strings. ""<code>acdbef</code>"" is not a concatenated substring because it is not the concatenation of any permutation of <code>words</code>.</p></li></ul><p> <em>Return the starting indices of all the concatenated substrings in </em> <code>s</code>. You can return the answer in <strong>any order</strong>.</p>","Hash Table,String,Sliding Window",Hard,,,,ZGVmIGZpbmRTdWJzdHJpbmcocywgd29yZHMpOg==,DQppZiBfX25hbWVfXyA9PSAiX19tYWluX18iOg0KICAgIHRlc3RfY2FzZXMgPSBbDQogICAgICAgICgiYmFyZm9vdGhlZm9vYmFybWFuIiwgWyJmb28iLCJiYXIiXSwgWzAsOV0pLA0KICAgICAgICAoIndvcmRnb29kZ29vZGdvb2RiZXN0d29yZCIsIFsid29yZCIsImdvb2QiLCJiZXN0Iiwid29yZCJdLCBbXSksDQogICAgICAgICgiYmFyZm9vZm9vYmFydGhlZm9vYmFybWFuIiwgWyJiYXIiLCJmb28iLCJ0aGUiXSwgWzYsOSwxMl0pLA0KICAgICAgICAoImxpbmdtaW5kcmFib29mb29vd2luZ2RpbmdiYXJyd2luZ21vbmtleXBvdW5kY2FrZSIsIFsiZm9vbyIsImJhcnIiLCJ3aW5nIiwiZGluZyIsIndpbmciXSwgWzEzXSksDQogICAgICAgICgiYWFhYWFhYWEiLCBbImFhIiwiYWEiLCJhYSJdLCBbMCwxLDJdKSwNCiAgICAgICAgKCJhYmFiYWJhYiIsIFsiYWIiLCJiYSJdLCBbXSkNCiAgICBdDQogICAgcGFzc2VkID0gW10NCiAgICBmb3Igcywgd29yZHMsIGV4cGVjdGVkX3Jlc3VsdCBpbiB0ZXN0X2Nhc2VzOg0KICAgICAgICByZXN1bHQgPSBmaW5kU3Vic3RyaW5nKHMsIHdvcmRzKQ0KICAgICAgICByZXN1bHQuc29ydCgpDQogICAgICAgIGV4cGVjdGVkX3Jlc3VsdC5zb3J0KCkNCiAgICAgICAgcGFzc2VkLmFwcGVuZCgxIGlmIHJlc3VsdCA9PSBleHBlY3RlZF9yZXN1bHQgZWxzZSAwKQ0KICAgIHByaW50KCItIi5qb2luKG1hcChzdHIsIHBhc3NlZCkpKQ==,Ww0KICAgIHsiaW5wdXQiOiAicyA9IFwiYmFyZm9vdGhlZm9vYmFybWFuXCIsIHdvcmRzID0gW1wiZm9vXCIsXCJiYXJcIl0iLCAib3V0cHV0IjogIlswLDldIn0sDQogICAgeyJpbnB1dCI6ICJzID0gXCJ3b3JkZ29vZGdvb2Rnb29kYmVzdHdvcmRcIiwgd29yZHMgPSBbXCJ3b3JkXCIsXCJnb29kXCIsXCJiZXN0XCIsXCJ3b3JkXCJdIiwgIm91dHB1dCI6ICJbXSJ9LA0KICAgIHsiaW5wdXQiOiAicyA9IFwiYmFyZm9vZm9vYmFydGhlZm9vYmFybWFuXCIsIHdvcmRzID0gW1wiYmFyXCIsXCJmb29cIixcInRoZVwiXSIsICJvdXRwdXQiOiAiWzYsOSwxMl0ifSwNCiAgICB7ImlucHV0IjogInMgPSBcImxpbmdtaW5kcmFib29mb29vd2luZ2RpbmdiYXJyd2luZ21vbmtleXBvdW5kY2FrZVwiLCB3b3JkcyA9IFtcImZvb29cIixcImJhcnJcIixcIndpbmdcIixcImRpbmdcIixcIndpbmdcIl0iLCAib3V0cHV0IjogIlsxM10ifSwNCiAgICB7ImlucHV0IjogInMgPSBcImFhYWFhYWFhXCIsIHdvcmRzID0gW1wiYWFcIixcImFhXCIsXCJhYVwiXSIsICJvdXRwdXQiOiAiWzAsMSwyXSJ9LA0KICAgIHsiaW5wdXQiOiAicyA9IFwiYWJhYmFiYWJcIiwgd29yZHMgPSBbXCJhYlwiLFwiYmFcIl0iLCAib3V0cHV0IjogIltdIn0NCl0=,"<div> <p className=""font-medium text-white"">Example 1:</p> <div className=""example-card""> <pre> <strong className=""text-white"">Input:</strong> s = ""barfoothefoobarman"", words = [""foo"",""bar""]<br /> <strong>Output:</strong> [0,9]<br /> <strong>Explanation:</strong> Since words.length == 2 and words[i].length == 3, the concatenated substring has to be of length 6.<br /> The substring starting at 0 is ""barfoo"". It is the concatenation of [""bar"",""foo""] which is a permutation of words.<br /> The substring starting at 9 is ""foobar"". It is the concatenation of [""foo"",""bar""] which is a permutation of words.<br /> The output order does not matter. Returning [9,0] is fine too. </pre> </div></div><div> <p className=""font-medium text-white"">Example 2:</p> <div className=""example-card""> <pre> <strong className=""text-white"">Input:</strong> s = ""wordgoodgoodgoodbestword"", words = [""word"",""good"",""best"",""word""]<br /> <strong>Output:</strong> []<br /> <strong>Explanation:</strong> Since words.length == 4 and words[i].length == 4, the concatenated substring has to be of length 16.<br /> There is no substring of length 16 in s that is equal to the concatenation of any permutation of words.<br /> We return an empty array. </pre> </div></div><div> <p className=""font-medium text-white"">Example 3:</p> <div className=""example-card""> <pre> <strong className=""text-white"">Input:</strong> s = ""barfoofoobarthefoobarman"", words = [""bar"",""foo"",""the""]<br /> <strong>Output:</strong> [6,9,12]<br /> <strong>Explanation:</strong> Since words.length == 3 and words[i].length == 3, the concatenated substring has to be of length 9.<br /> The substring starting at 6 is ""foobarthe"". It is the concatenation of [""foo"",""bar"",""the""] which is a permutation of words.<br /> The substring starting at 9 is ""barthefoo"". It is the concatenation of [""bar"",""the"",""foo""] which is a permutation of words.<br /> The substring starting at 12 is ""thefoobar"". It is the concatenation of [""the"",""foo"",""bar""] which is a permutation of words. </pre> </div></div>",<li className="mt-2"><code>1 &le; s.length &le; 10<sup>4</sup></code></li><li className="mt-2"><code>1 &le; words.length &le; 5000</code></li><li className="mt-2"><code>1 &le; words[i].length &le; 30</code></li><li className="mt-2"><code>s</code> and <code>words[i]</code> consist of lowercase English letters.</li>
32,Longest Valid Parentheses,longest-valid-parentheses,"<p className=""mt-3"">Given a string containing just the characters <code>'('</code> and <code>')'</code>,<em> return the length of the longest valid (well-formed) parentheses substring.</em></p>","String,Dynamic Programming,Stack",Hard,,,,ZGVmIGxvbmdlc3RWYWxpZFBhcmVudGhlc2VzKHMpOg==,DQppZiBfX25hbWVfXyA9PSAiX19tYWluX18iOg0KICAgIHRlc3RfY2FzZXMgPSBbDQogICAgICAgICgiKCgpIiwgMiksDQogICAgICAgICgiKSgpKCkpIiwgNCksDQogICAgICAgICgiIiwgMCksDQogICAgICAgICgiKCIsIDApLA0KICAgICAgICAoIikiLCAwKSwNCiAgICAgICAgKCIoKSgoKSIsIDIpLA0KICAgICAgICAoIigoKSkpKCkpKCIsIDQpLA0KICAgICAgICAoIigpKCkiLCA0KSwNCiAgICAgICAgKCIpKCkoKSkoKSgpKCIsIDQpDQogICAgXQ0KICAgIHBhc3NlZCA9IFtdDQogICAgZm9yIHMsIGV4cGVjdGVkX3Jlc3VsdCBpbiB0ZXN0X2Nhc2VzOg0KICAgICAgICByZXN1bHQgPSBsb25nZXN0VmFsaWRQYXJlbnRoZXNlcyhzKQ0KICAgICAgICBwYXNzZWQuYXBwZW5kKDEgaWYgcmVzdWx0ID09IGV4cGVjdGVkX3Jlc3VsdCBlbHNlIDApDQogICAgcHJpbnQoIi0iLmpvaW4obWFwKHN0ciwgcGFzc2VkKSkp,Ww0KICAgIHsiaW5wdXQiOiAicyA9IFwiKCgpXCIiLCAib3V0cHV0IjogIjIifSwNCiAgICB7ImlucHV0IjogInMgPSBcIikoKSgpKVwiIiwgIm91dHB1dCI6ICI0In0sDQogICAgeyJpbnB1dCI6ICJzID0gXCJcIiIsICJvdXRwdXQiOiAiMCJ9LA0KICAgIHsiaW5wdXQiOiAicyA9IFwiKFwiIiwgIm91dHB1dCI6ICIwIn0sDQogICAgeyJpbnB1dCI6ICJzID0gXCIpXCIiLCAib3V0cHV0IjogIjAifSwNCiAgICB7ImlucHV0IjogInMgPSBcIigpKCgpXCIiLCAib3V0cHV0IjogIjIifSwNCiAgICB7ImlucHV0IjogInMgPSBcIigoKSkpKCkpKFwiIiwgIm91dHB1dCI6ICI0In0sDQogICAgeyJpbnB1dCI6ICJzID0gXCIoKSgpXCIiLCAib3V0cHV0IjogIjQifSwNCiAgICB7ImlucHV0IjogInMgPSBcIikoKSgpKSgpKCkoXCIiLCAib3V0cHV0IjogIjQifQ0KXQ==,<div> <p className="font-medium text-white">Example 1:</p> <div className="example-card"> <pre> <strong className="text-white">Input:</strong> s = "(()"<br /> <strong>Output:</strong> 2<br /> <strong>Explanation:</strong> The longest valid parentheses substring is "()". </pre> </div></div><div> <p className="font-medium text-white">Example 2:</p> <div className="example-card"> <pre> <strong className="text-white">Input:</strong> s = ")()())"<br /> <strong>Output:</strong> 4<br /> <strong>Explanation:</strong> The longest valid parentheses substring is "()()". </pre> </div></div><div> <p className="font-medium text-white">Example 3:</p> <div className="example-card"> <pre> <strong className="text-white">Input:</strong> s = ""<br /> <strong>Output:</strong> 0 </pre> </div></div>,"<li className=""mt-2""><code>0 &le; s.length &le; 3 * 10<sup>4</sup></code></li><li className=""mt-2""><code>s[i]</code> is '(', or ')'.</li>"
33,Search in Rotated Sorted Array,search-in-rotated-sorted-array,"<p className=""mt-3"">There is an integer array <code>nums</code> sorted in ascending order (with <strong>distinct</strong> values).</p><p>Prior to being passed to your function, <code>nums</code> is <strong>possibly rotated</strong> at an unknown pivot index <code>k</code> (1 ??<code>k</code> < <code>nums.length</code>) such that the resulting array is [<code>nums[k],nums[k+1], ..., nums[n-1], nums[0], nums[1], ..., nums[k-1]</code>] ( <strong>0-indexed</strong> ). For example, <code> [0,1,2,4,5,6,7]</code> might be rotated at pivot index 3 and become <code>[4,5,6,7,0,1,2]</code> .</p><p>Given the array <code>nums</code> <strong>after</strong> the possible rotation and an integer <code>target</code>,<em> return the index of</em> <code>target</code><em> if it is in</em> <code>nums</code>,<em> or</em> <code>-1</code> <em>if it is not in</em> <code>nums</code>.</p><p>You must write an algorithm with O(log n) runtime complexity.</p>","Array,Binary Search",Medium,,,,ZGVmIHNlYXJjaChudW1zLCB0YXJnZXQpOg==,DQppZiBfX25hbWVfXyA9PSAiX19tYWluX18iOg0KICAgIHRlc3RfY2FzZXMgPSBbDQogICAgICAgIChbNCw1LDYsNywwLDEsMl0sIDAsIDQpLA0KICAgICAgICAoWzQsNSw2LDcsMCwxLDJdLCAzLCAtMSksDQogICAgICAgIChbMV0sIDAsIC0xKSwNCiAgICAgICAgKFszLDFdLCAwLCAtMSksDQogICAgICAgIChbNCw1LDYsNyw4LDEsMiwzXSwgOCwgNCksDQogICAgICAgIChbNCw1LDYsNyw4LDEsMiwzXSwgNiwgMikNCiAgICBdDQogICAgcGFzc2VkID0gW10NCiAgICBmb3IgbnVtcywgdGFyZ2V0LCBleHBlY3RlZF9yZXN1bHQgaW4gdGVzdF9jYXNlczoNCiAgICAgICAgcmVzdWx0ID0gc2VhcmNoKG51bXMsIHRhcmdldCkNCiAgICAgICAgcGFzc2VkLmFwcGVuZCgxIGlmIHJlc3VsdCA9PSBleHBlY3RlZF9yZXN1bHQgZWxzZSAwKQ0KICAgIHByaW50KCItIi5qb2luKG1hcChzdHIsIHBhc3NlZCkpKQ==,Ww0KICAgIHsiaW5wdXQiOiAibnVtcyA9IFs0LDUsNiw3LDAsMSwyXSwgdGFyZ2V0ID0gMCIsICJvdXRwdXQiOiAiNCJ9LA0KICAgIHsiaW5wdXQiOiAibnVtcyA9IFs0LDUsNiw3LDAsMSwyXSwgdGFyZ2V0ID0gMyIsICJvdXRwdXQiOiAiLTEifSwNCiAgICB7ImlucHV0IjogIm51bXMgPSBbMV0sIHRhcmdldCA9IDAiLCAib3V0cHV0IjogIi0xIn0sDQogICAgeyJpbnB1dCI6ICJudW1zID0gWzMsMV0sIHRhcmdldCA9IDAiLCAib3V0cHV0IjogIi0xIn0sDQogICAgeyJpbnB1dCI6ICJudW1zID0gWzQsNSw2LDcsOCwxLDIsM10sIHRhcmdldCA9IDgiLCAib3V0cHV0IjogIjQifSwNCiAgICB7ImlucHV0IjogIm51bXMgPSBbNCw1LDYsNyw4LDEsMiwzXSwgdGFyZ2V0ID0gNiIsICJvdXRwdXQiOiAiMiJ9DQpd,"<div> <p className=""font-medium text-white"">Example 1:</p> <div className=""example-card""> <pre> <strong className=""text-white"">Input:</strong> nums = [4,5,6,7,0,1,2], target = 0<br /> <strong>Output:</strong> 4 </pre> </div></div><div> <p className=""font-medium text-white"">Example 2:</p> <div className=""example-card""> <pre> <strong className=""text-white"">Input:</strong> nums = [4,5,6,7,0,1,2], target = 3<br /> <strong>Output:</strong> -1 </pre> </div></div><div> <p className=""font-medium text-white"">Example 3:</p> <div className=""example-card""> <pre> <strong className=""text-white"">Input:</strong> nums = [1], target = 0<br /> <strong>Output:</strong> -1 </pre> </div></div>",<li className="mt-2"><code>1 &le; nums.length &le; 5000</code></li><li className="mt-2"><code>-10<sup>4</sup> &le; nums[i] &le; 10<sup>4</sup></code></li><li className="mt-2">All values of <code>nums</code> are unique.</li><li className="mt-2"><code>nums</code> is an ascending array that is possibly rotated.</li><li className="mt-2"><code>-10<sup>4</sup> &le; target &le; 10<sup>4</sup></code></li>
41,First Missing Positive,first-missing-positive,"<p className=""mt-3"">Given an unsorted integer array <code>nums</code>, return the <em>smallest positive integer</em> that is <em>not present</em> in <code>nums</code>.</p><p>You must implement an algorithm that runs in <code>O(n)</code> time and uses <code>O(1)</code> auxiliary space.</p>","Array,Hash Table",Hard,,,,ZGVmIGZpcnN0TWlzc2luZ1Bvc2l0aXZlKG51bXMpOg==,DQppZiBfX25hbWVfXyA9PSAiX19tYWluX18iOg0KICAgIHRlc3RfY2FzZXMgPSBbDQogICAgICAgIChbMSwyLDBdLCAzKSwNCiAgICAgICAgKFszLDQsLTEsMV0sIDIpLA0KICAgICAgICAoWzcsOCw5LDExLDEyXSwgMSksDQogICAgICAgIChbMSwyLDMsNCw1XSwgNiksDQogICAgICAgIChbXSwgMSksDQogICAgICAgIChbMF0sIDEpLA0KICAgICAgICAoWzJdLCAxKSwNCiAgICAgICAgKFsxXSwgMikNCiAgICBdDQogICAgcGFzc2VkID0gW10NCiAgICBmb3IgbnVtcywgZXhwZWN0ZWRfcmVzdWx0IGluIHRlc3RfY2FzZXM6DQogICAgICAgIHJlc3VsdCA9IGZpcnN0TWlzc2luZ1Bvc2l0aXZlKG51bXMpDQogICAgICAgIHBhc3NlZC5hcHBlbmQoMSBpZiByZXN1bHQgPT0gZXhwZWN0ZWRfcmVzdWx0IGVsc2UgMCkNCiAgICBwcmludCgiLSIuam9pbihtYXAoc3RyLCBwYXNzZWQpKSk=,Ww0KICAgIHsiaW5wdXQiOiAibnVtcyA9IFsxLCAyLCAwXSIsICJvdXRwdXQiOiAiMyJ9LA0KICAgIHsiaW5wdXQiOiAibnVtcyA9IFszLCA0LCAtMSwgMV0iLCAib3V0cHV0IjogIjIifSwNCiAgICB7ImlucHV0IjogIm51bXMgPSBbNywgOCwgOSwgMTEsIDEyXSIsICJvdXRwdXQiOiAiMSJ9LA0KICAgIHsiaW5wdXQiOiAibnVtcyA9IFsxLCAyLCAzLCA0LCA1XSIsICJvdXRwdXQiOiAiNiJ9LA0KICAgIHsiaW5wdXQiOiAibnVtcyA9IFtdIiwgIm91dHB1dCI6ICIxIn0sDQogICAgeyJpbnB1dCI6ICJudW1zID0gWzBdIiwgIm91dHB1dCI6ICIxIn0sDQogICAgeyJpbnB1dCI6ICJudW1zID0gWzJdIiwgIm91dHB1dCI6ICIxIn0sDQogICAgeyJpbnB1dCI6ICJudW1zID0gWzFdIiwgIm91dHB1dCI6ICIyIn0NCl0=,"<div> <p className=""font-medium text-white"">Example 1:</p> <div className=""example-card""> <pre> <strong className=""text-white"">Input:</strong> nums = [1,2,0]<br /> <strong>Output:</strong> 3<br /> <strong>Explanation:</strong> The numbers in the range [1,2] are all in the array. </pre> </div></div><div> <p className=""font-medium text-white"">Example 2:</p> <div className=""example-card""> <pre> <strong className=""text-white"">Input:</strong> nums = [3,4,-1,1]<br /> <strong>Output:</strong> 2<br /> <strong>Explanation:</strong> 1 is in the array but 2 is missing. </pre> </div></div><div> <p className=""font-medium text-white"">Example 3:</p> <div className=""example-card""> <pre> <strong className=""text-white"">Input:</strong> nums = [7,8,9,11,12]<br /> <strong>Output:</strong> 1<br /> <strong>Explanation:</strong> The smallest positive integer 1 is missing. </pre> </div></div>",<li className="mt-2"><code>1 &le; nums.length &le; 10<sup>5</sup></code></li><li className="mt-2"><code>-2<sup>31</sup> &le; nums[i] &le; 2<sup>31</sup> - 1</code></li>
42,Trapping Rain Water,trapping-rain-water,"<p className=""mt-3"">Given <code>n</code> non-negative integers representing an elevation map where the width of each bar is <code>1</code>, compute how much water it can trap after raining.</p>","Array,Two Pointers,Dynamic Programming,Stack,Monotonic Stack",Hard,,,,ZGVmIHRyYXAoaGVpZ2h0KTo=,DQppZiBfX25hbWVfXyA9PSAiX19tYWluX18iOg0KICAgIHRlc3RfY2FzZXMgPSBbDQogICAgICAgIChbMCwxLDAsMiwxLDAsMSwzLDIsMSwyLDFdLCA2KSwNCiAgICAgICAgKFs0LDIsMCwzLDIsNV0sIDkpLA0KICAgICAgICAoWzMsMCwwLDIsMCw0XSwgMTApLA0KICAgICAgICAoWzMsMCwwLDAsMCwwLDEsMCwwLDAsMCwwLDAsMl0sIDIzKSwNCiAgICAgICAgKFtdLCAwKSwNCiAgICAgICAgKFswLDAsMCwwLDAsMCwwXSwgMCksDQogICAgICAgIChbMSwyLDMsNCw1XSwgMCksDQogICAgICAgIChbNSw0LDMsMiwxXSwgMCksDQogICAgICAgIChbMSwyLDMsMiwxXSwgMCksDQogICAgICAgIChbMSwyLDMsMiwxLDIsM10sIDQpDQogICAgXQ0KICAgIHBhc3NlZCA9IFtdDQogICAgZm9yIGhlaWdodCwgZXhwZWN0ZWRfcmVzdWx0IGluIHRlc3RfY2FzZXM6DQogICAgICAgIHJlc3VsdCA9IHRyYXAoaGVpZ2h0KQ0KICAgICAgICBwYXNzZWQuYXBwZW5kKDEgaWYgcmVzdWx0ID09IGV4cGVjdGVkX3Jlc3VsdCBlbHNlIDApDQogICAgcHJpbnQoIi0iLmpvaW4obWFwKHN0ciwgcGFzc2VkKSkp,Ww0KICAgIHsiaW5wdXQiOiAiaGVpZ2h0ID0gWzAsMSwwLDIsMSwwLDEsMywyLDEsMiwxXSIsICJvdXRwdXQiOiAiNiJ9LA0KICAgIHsiaW5wdXQiOiAiaGVpZ2h0ID0gWzQsMiwwLDMsMiw1XSIsICJvdXRwdXQiOiAiOSJ9LA0KICAgIHsiaW5wdXQiOiAiaGVpZ2h0ID0gWzMsMCwwLDIsMCw0XSIsICJvdXRwdXQiOiAiMTAifSwNCiAgICB7ImlucHV0IjogImhlaWdodCA9IFszLDAsMCwwLDAsMCwxLDAsMCwwLDAsMCwwLDJdIiwgIm91dHB1dCI6ICIyMyJ9LA0KICAgIHsiaW5wdXQiOiAiaGVpZ2h0ID0gW10iLCAib3V0cHV0IjogIjAifSwNCiAgICB7ImlucHV0IjogImhlaWdodCA9IFswLDAsMCwwLDAsMCwwXSIsICJvdXRwdXQiOiAiMCJ9LA0KICAgIHsiaW5wdXQiOiAiaGVpZ2h0ID0gWzEsMiwzLDQsNV0iLCAib3V0cHV0IjogIjAifSwNCiAgICB7ImlucHV0IjogImhlaWdodCA9IFs1LDQsMywyLDFdIiwgIm91dHB1dCI6ICIwIn0sDQogICAgeyJpbnB1dCI6ICJoZWlnaHQgPSBbMSwyLDMsMiwxXSIsICJvdXRwdXQiOiAiMCJ9LA0KICAgIHsiaW5wdXQiOiAiaGVpZ2h0ID0gWzEsMiwzLDIsMSwyLDNdIiwgIm91dHB1dCI6ICI0In0NCl0=,"<div> <p className=""font-medium text-white"">Example 1:</p> <div className=""example-card""> <pre> <strong className=""text-white"">Input:</strong> height = [0,1,0,2,1,0,1,3,2,1,2,1]<br /> <strong>Output:</strong> 6<br /> <strong>Explanation:</strong> The above elevation map (black section) is represented by array [0,1,0,2,1,0,1,3,2,1,2,1]. In this case, 6 units of rain water (blue section) are being trapped. </pre> </div></div><div> <p className=""font-medium text-white"">Example 2:</p> <div className=""example-card""> <pre> <strong className=""text-white"">Input:</strong> height = [4,2,0,3,2,5]<br /> <strong>Output:</strong> 9 </pre> </div></div>",<li className="mt-2"><code>n == height.length</code></li><li className="mt-2"><code>1 &le; n &le; 2 * 10<sup>4</sup></code></li><li className="mt-2"><code>0 &le; height[i] &le; 10<sup>5</sup></code></li>
45,Jump Game II,jump-game-ii,"<p className=""mt-3"">You are given a <strong>0-indexed</strong> array of integers <code>nums</code> of length <code>n</code>. You are initially positioned at <code>nums[0]</code>.</p><p>Each element <code>nums[i]</code> represents the maximum length of a forward jump from index <code>i</code>. In other words, if you are at <code>nums[i]</code>, you can jump to any <code>nums[i + j]</code> where:</p><ul><li><code>0 ??j ??nums[i]</code> and</li><li><code>i + j &lt; n</code></li></ul><p>Return <em>the minimum number of jumps to reach</em> <code>nums[n - 1]</code>. The test cases are generated such that you can reach <code>nums[n - 1]</code>.</p>","Array,Dynamic Programming,Greedy",Medium,,,,ZGVmIGp1bXAobnVtcyk6,DQppZiBfX25hbWVfXyA9PSAiX19tYWluX18iOg0KICAgIHRlc3RfY2FzZXMgPSBbDQogICAgICAgIChbMiwzLDEsMSw0XSwgMiksDQogICAgICAgIChbMiwzLDAsMSw0XSwgMiksDQogICAgICAgIChbMSwxLDEsMV0sIDMpLA0KICAgICAgICAoWzEsMSwxLDEsMV0sIDQpLA0KICAgICAgICAoWzFdLCAwKSwNCiAgICAgICAgKFsxLDJdLCAxKSwNCiAgICAgICAgKFsyLDFdLCAxKSwNCiAgICAgICAgKFsyLDEsMV0sIDEpLA0KICAgICAgICAoWzMsMiwxXSwgMSksDQogICAgICAgIChbMSwyLDNdLCAyKSwNCiAgICAgICAgKFszLDQsMywyLDUsNCw1LDQsMyw0LDVdLCA0KQ0KICAgIF0NCiAgICBwYXNzZWQgPSBbXQ0KICAgIGZvciBudW1zLCBleHBlY3RlZF9yZXN1bHQgaW4gdGVzdF9jYXNlczoNCiAgICAgICAgcmVzdWx0ID0ganVtcChudW1zKQ0KICAgICAgICBwYXNzZWQuYXBwZW5kKDEgaWYgcmVzdWx0ID09IGV4cGVjdGVkX3Jlc3VsdCBlbHNlIDApDQogICAgcHJpbnQoIi0iLmpvaW4obWFwKHN0ciwgcGFzc2VkKSkp,Ww0KICAgIHsiaW5wdXQiOiAibnVtcyA9IFsyLDMsMSwxLDRdIiwgIm91dHB1dCI6ICIyIn0sDQogICAgeyJpbnB1dCI6ICJudW1zID0gWzIsMywwLDEsNF0iLCAib3V0cHV0IjogIjIifSwNCiAgICB7ImlucHV0IjogIm51bXMgPSBbMSwxLDEsMV0iLCAib3V0cHV0IjogIjMifSwNCiAgICB7ImlucHV0IjogIm51bXMgPSBbMSwxLDEsMSwxXSIsICJvdXRwdXQiOiAiNCJ9LA0KICAgIHsiaW5wdXQiOiAibnVtcyA9IFsxXSIsICJvdXRwdXQiOiAiMCJ9LA0KICAgIHsiaW5wdXQiOiAibnVtcyA9IFsxLDJdIiwgIm91dHB1dCI6ICIxIn0sDQogICAgeyJpbnB1dCI6ICJudW1zID0gWzIsMV0iLCAib3V0cHV0IjogIjEifSwNCiAgICB7ImlucHV0IjogIm51bXMgPSBbMiwxLDFdIiwgIm91dHB1dCI6ICIxIn0sDQogICAgeyJpbnB1dCI6ICJudW1zID0gWzMsMiwxXSIsICJvdXRwdXQiOiAiMSJ9LA0KICAgIHsiaW5wdXQiOiAibnVtcyA9IFsxLDIsM10iLCAib3V0cHV0IjogIjIifSwNCiAgICB7ImlucHV0IjogIm51bXMgPSBbMyw0LDMsMiw1LDQsNSw0LDMsNCw1XSIsICJvdXRwdXQiOiAiNCJ9DQpd,"<div> <p className=""font-medium text-white"">Example 1:</p> <div className=""example-card""> <pre> <strong className=""text-white"">Input:</strong> nums = [2,3,1,1,4]<br /> <strong>Output:</strong> 2<br /> <strong>Explanation:</strong> The minimum number of jumps to reach the last index is 2. Jump 1 step from index 0 to 1, then 3 steps to the last index. </pre> </div></div><div> <p className=""font-medium text-white"">Example 2:</p> <div className=""example-card""> <pre> <strong className=""text-white"">Input:</strong> nums = [2,3,0,1,4]<br /> <strong>Output:</strong> 2 </pre> </div></div>",<li className="mt-2"><code>1 &le; nums.length &le; 10<sup>4</sup></code></li><li className="mt-2"><code>0 &le; nums[i] &le; 1000</code></li><li className="mt-2">It's guaranteed that you can reach <code>nums[n - 1]</code>.</li>
